BeginDate,GenMw,FuelCategoryRollup,FuelCategory,MarginalFlag
2021-03-28T00:08:10.000-04:00,4,Coal,Coal,N
2021-03-28T00:08:10.000-04:00,931,Hydro,Hydro,N
2021-03-28T00:08:10.000-04:00,2851,Natural Gas,Natural Gas,Y
2021-03-28T00:08:10.000-04:00,3354,Nuclear,Nuclear,N
2021-03-28T00:08:10.000-04:00,12,Other,Other,N
2021-03-28T00:08:10.000-04:00,29,Renewables,Landfill Gas,N
2021-03-28T00:08:10.000-04:00,331,Renewables,Refuse,N
2021-03-28T00:08:10.000-04:00,353,Renewables,Wind,N
2021-03-28T00:08:10.000-04:00,310,Renewables,Wood,N
2021-03-28T00:20:26.000-04:00,6,Coal,Coal,N
2021-03-28T00:20:26.000-04:00,929,Hydro,Hydro,N
2021-03-28T00:20:26.000-04:00,2709,Natural Gas,Natural Gas,Y
2021-03-28T00:20:26.000-04:00,3354,Nuclear,Nuclear,N
2021-03-28T00:20:26.000-04:00,5,Other,Other,N
2021-03-28T00:20:26.000-04:00,29,Renewables,Landfill Gas,N
2021-03-28T00:20:26.000-04:00,334,Renewables,Refuse,N
2021-03-28T00:20:26.000-04:00,370,Renewables,Wind,Y
2021-03-28T00:20:26.000-04:00,311,Renewables,Wood,N
2021-03-28T00:32:23.000-04:00,2,Coal,Coal,N
2021-03-28T00:32:23.000-04:00,929,Hydro,Hydro,N
2021-03-28T00:32:23.000-04:00,2603,Natural Gas,Natural Gas,Y
2021-03-28T00:32:23.000-04:00,3354,Nuclear,Nuclear,N
2021-03-28T00:32:23.000-04:00,7,Other,Other,N
2021-03-28T00:32:23.000-04:00,29,Renewables,Landfill Gas,N
2021-03-28T00:32:23.000-04:00,329,Renewables,Refuse,N
2021-03-28T00:32:23.000-04:00,380,Renewables,Wind,Y
2021-03-28T00:32:23.000-04:00,310,Renewables,Wood,N
2021-03-28T00:35:02.000-04:00,1,Coal,Coal,N
2021-03-28T00:35:02.000-04:00,930,Hydro,Hydro,N
2021-03-28T00:35:02.000-04:00,2564,Natural Gas,Natural Gas,Y
2021-03-28T00:35:02.000-04:00,3355,Nuclear,Nuclear,N
2021-03-28T00:35:02.000-04:00,29,Renewables,Landfill Gas,N
2021-03-28T00:35:02.000-04:00,335,Renewables,Refuse,N
2021-03-28T00:35:02.000-04:00,364,Renewables,Wind,Y
2021-03-28T00:35:02.000-04:00,307,Renewables,Wood,N
2021-03-28T00:41:40.000-04:00,8,Coal,Coal,N
2021-03-28T00:41:40.000-04:00,928,Hydro,Hydro,N
2021-03-28T00:41:40.000-04:00,2548,Natural Gas,Natural Gas,Y
2021-03-28T00:41:40.000-04:00,3352,Nuclear,Nuclear,N
2021-03-28T00:41:40.000-04:00,29,Renewables,Landfill Gas,N
2021-03-28T00:41:40.000-04:00,334,Renewables,Refuse,N
2021-03-28T00:41:40.000-04:00,360,Renewables,Wind,Y
2021-03-28T00:41:40.000-04:00,310,Renewables,Wood,N
2021-03-28T00:52:14.000-04:00,4,Coal,Coal,N
2021-03-28T00:52:14.000-04:00,930,Hydro,Hydro,N
2021-03-28T00:52:14.000-04:00,2647,Natural Gas,Natural Gas,Y
2021-03-28T00:52:14.000-04:00,3355,Nuclear,Nuclear,N
2021-03-28T00:52:14.000-04:00,3,Other,Other,N
2021-03-28T00:52:14.000-04:00,29,Renewables,Landfill Gas,N
2021-03-28T00:52:14.000-04:00,329,Renewables,Refuse,N
2021-03-28T00:52:14.000-04:00,363,Renewables,Wind,Y
2021-03-28T00:52:14.000-04:00,310,Renewables,Wood,N
2021-03-28T01:01:28.000-04:00,5,Coal,Coal,N
2021-03-28T01:01:28.000-04:00,931,Hydro,Hydro,N
2021-03-28T01:01:28.000-04:00,2552,Natural Gas,Natural Gas,Y
2021-03-28T01:01:28.000-04:00,3355,Nuclear,Nuclear,N
2021-03-28T01:01:28.000-04:00,29,Renewables,Landfill Gas,N
2021-03-28T01:01:28.000-04:00,335,Renewables,Refuse,N
2021-03-28T01:01:28.000-04:00,376,Renewables,Wind,Y
2021-03-28T01:01:28.000-04:00,309,Renewables,Wood,N
2021-03-28T01:05:33.000-04:00,4,Coal,Coal,N
2021-03-28T01:05:33.000-04:00,936,Hydro,Hydro,N
2021-03-28T01:05:33.000-04:00,2627,Natural Gas,Natural Gas,Y
2021-03-28T01:05:33.000-04:00,3355,Nuclear,Nuclear,N
2021-03-28T01:05:33.000-04:00,22,Other,Other,N
2021-03-28T01:05:33.000-04:00,29,Renewables,Landfill Gas,N
2021-03-28T01:05:33.000-04:00,334,Renewables,Refuse,N
2021-03-28T01:05:33.000-04:00,382,Renewables,Wind,Y
2021-03-28T01:05:33.000-04:00,310,Renewables,Wood,N
2021-03-28T01:06:54.000-04:00,3,Coal,Coal,N
2021-03-28T01:06:54.000-04:00,939,Hydro,Hydro,N
2021-03-28T01:06:54.000-04:00,2710,Natural Gas,Natural Gas,Y
2021-03-28T01:06:54.000-04:00,3355,Nuclear,Nuclear,N
2021-03-28T01:06:54.000-04:00,29,Renewables,Landfill Gas,N
2021-03-28T01:06:54.000-04:00,334,Renewables,Refuse,N
2021-03-28T01:06:54.000-04:00,379,Renewables,Wind,Y
2021-03-28T01:06:54.000-04:00,312,Renewables,Wood,N
2021-03-28T01:22:48.000-04:00,4,Coal,Coal,N
2021-03-28T01:22:48.000-04:00,935,Hydro,Hydro,N
2021-03-28T01:22:48.000-04:00,2655,Natural Gas,Natural Gas,Y
2021-03-28T01:22:48.000-04:00,3355,Nuclear,Nuclear,N
2021-03-28T01:22:48.000-04:00,29,Renewables,Landfill Gas,N
2021-03-28T01:22:48.000-04:00,335,Renewables,Refuse,N
2021-03-28T01:22:48.000-04:00,402,Renewables,Wind,Y
2021-03-28T01:22:48.000-04:00,310,Renewables,Wood,N
2021-03-28T01:31:41.000-04:00,4,Coal,Coal,N
2021-03-28T01:31:41.000-04:00,932,Hydro,Hydro,N
2021-03-28T01:31:41.000-04:00,2465,Natural Gas,Natural Gas,Y
2021-03-28T01:31:41.000-04:00,3355,Nuclear,Nuclear,N
2021-03-28T01:31:41.000-04:00,33,Other,Other,N
2021-03-28T01:31:41.000-04:00,29,Renewables,Landfill Gas,N
2021-03-28T01:31:41.000-04:00,330,Renewables,Refuse,N
2021-03-28T01:31:41.000-04:00,401,Renewables,Wind,Y
2021-03-28T01:31:41.000-04:00,312,Renewables,Wood,N
2021-03-28T01:35:52.000-04:00,6,Coal,Coal,N
2021-03-28T01:35:52.000-04:00,934,Hydro,Hydro,N
2021-03-28T01:35:52.000-04:00,2569,Natural Gas,Natural Gas,Y
2021-03-28T01:35:52.000-04:00,3357,Nuclear,Nuclear,N
2021-03-28T01:35:52.000-04:00,29,Renewables,Landfill Gas,N
2021-03-28T01:35:52.000-04:00,333,Renewables,Refuse,N
2021-03-28T01:35:52.000-04:00,406,Renewables,Wind,Y
2021-03-28T01:35:52.000-04:00,311,Renewables,Wood,N
2021-03-28T01:50:03.000-04:00,6,Coal,Coal,N
2021-03-28T01:50:03.000-04:00,937,Hydro,Hydro,N
2021-03-28T01:50:03.000-04:00,2495,Natural Gas,Natural Gas,Y
2021-03-28T01:50:03.000-04:00,3354,Nuclear,Nuclear,N
2021-03-28T01:50:03.000-04:00,29,Renewables,Landfill Gas,N
2021-03-28T01:50:03.000-04:00,337,Renewables,Refuse,N
2021-03-28T01:50:03.000-04:00,417,Renewables,Wind,Y
2021-03-28T01:50:03.000-04:00,311,Renewables,Wood,N
2021-03-28T02:07:36.000-04:00,10,Coal,Coal,N
2021-03-28T02:07:36.000-04:00,936,Hydro,Hydro,N
2021-03-28T02:07:36.000-04:00,2515,Natural Gas,Natural Gas,Y
2021-03-28T02:07:36.000-04:00,3357,Nuclear,Nuclear,N
2021-03-28T02:07:36.000-04:00,7,Other,Other,N
2021-03-28T02:07:36.000-04:00,29,Renewables,Landfill Gas,N
2021-03-28T02:07:36.000-04:00,336,Renewables,Refuse,N
2021-03-28T02:07:36.000-04:00,437,Renewables,Wind,Y
2021-03-28T02:07:36.000-04:00,311,Renewables,Wood,N
2021-03-28T02:18:34.000-04:00,6,Coal,Coal,N
2021-03-28T02:18:34.000-04:00,941,Hydro,Hydro,N
2021-03-28T02:18:34.000-04:00,2556,Natural Gas,Natural Gas,Y
2021-03-28T02:18:34.000-04:00,3355,Nuclear,Nuclear,N
2021-03-28T02:18:34.000-04:00,0,Other,Other,N
2021-03-28T02:18:34.000-04:00,29,Renewables,Landfill Gas,N
2021-03-28T02:18:34.000-04:00,335,Renewables,Refuse,N
2021-03-28T02:18:34.000-04:00,438,Renewables,Wind,Y
2021-03-28T02:18:34.000-04:00,312,Renewables,Wood,N
2021-03-28T02:24:51.000-04:00,3,Coal,Coal,N
2021-03-28T02:24:51.000-04:00,934,Hydro,Hydro,N
2021-03-28T02:24:51.000-04:00,2667,Natural Gas,Natural Gas,Y
2021-03-28T02:24:51.000-04:00,3352,Nuclear,Nuclear,N
2021-03-28T02:24:51.000-04:00,29,Renewables,Landfill Gas,N
2021-03-28T02:24:51.000-04:00,329,Renewables,Refuse,N
2021-03-28T02:24:51.000-04:00,434,Renewables,Wind,Y
2021-03-28T02:24:51.000-04:00,311,Renewables,Wood,N
2021-03-28T02:28:09.000-04:00,5,Coal,Coal,N
2021-03-28T02:28:09.000-04:00,939,Hydro,Hydro,N
2021-03-28T02:28:09.000-04:00,2614,Natural Gas,Natural Gas,Y
2021-03-28T02:28:09.000-04:00,3355,Nuclear,Nuclear,N
2021-03-28T02:28:09.000-04:00,18,Other,Other,N
2021-03-28T02:28:09.000-04:00,29,Renewables,Landfill Gas,N
2021-03-28T02:28:09.000-04:00,332,Renewables,Refuse,N
2021-03-28T02:28:09.000-04:00,408,Renewables,Wind,Y
2021-03-28T02:28:09.000-04:00,313,Renewables,Wood,N
2021-03-28T02:40:03.000-04:00,5,Coal,Coal,N
2021-03-28T02:40:03.000-04:00,940,Hydro,Hydro,N
2021-03-28T02:40:03.000-04:00,2620,Natural Gas,Natural Gas,Y
2021-03-28T02:40:03.000-04:00,3357,Nuclear,Nuclear,N
2021-03-28T02:40:03.000-04:00,29,Renewables,Landfill Gas,N
2021-03-28T02:40:03.000-04:00,335,Renewables,Refuse,N
2021-03-28T02:40:03.000-04:00,420,Renewables,Wind,Y
2021-03-28T02:40:03.000-04:00,311,Renewables,Wood,N
2021-03-28T02:46:03.000-04:00,8,Coal,Coal,N
2021-03-28T02:46:03.000-04:00,939,Hydro,Hydro,N
2021-03-28T02:46:03.000-04:00,2615,Natural Gas,Natural Gas,Y
2021-03-28T02:46:03.000-04:00,3355,Nuclear,Nuclear,N
2021-03-28T02:46:03.000-04:00,29,Renewables,Landfill Gas,N
2021-03-28T02:46:03.000-04:00,334,Renewables,Refuse,N
2021-03-28T02:46:03.000-04:00,392,Renewables,Wind,Y
2021-03-28T02:46:03.000-04:00,310,Renewables,Wood,N
2021-03-28T02:50:10.000-04:00,10,Coal,Coal,N
2021-03-28T02:50:10.000-04:00,938,Hydro,Hydro,N
2021-03-28T02:50:10.000-04:00,2530,Natural Gas,Natural Gas,Y
2021-03-28T02:50:10.000-04:00,3355,Nuclear,Nuclear,N
2021-03-28T02:50:10.000-04:00,30,Renewables,Landfill Gas,N
2021-03-28T02:50:10.000-04:00,315,Renewables,Refuse,N
2021-03-28T02:50:10.000-04:00,389,Renewables,Wind,Y
2021-03-28T02:50:10.000-04:00,310,Renewables,Wood,N
2021-03-28T02:54:57.000-04:00,8,Coal,Coal,N
2021-03-28T02:54:57.000-04:00,930,Hydro,Hydro,N
2021-03-28T02:54:57.000-04:00,2489,Natural Gas,Natural Gas,Y
2021-03-28T02:54:57.000-04:00,3355,Nuclear,Nuclear,N
2021-03-28T02:54:57.000-04:00,11,Other,Other,N
2021-03-28T02:54:57.000-04:00,29,Renewables,Landfill Gas,N
2021-03-28T02:54:57.000-04:00,337,Renewables,Refuse,N
2021-03-28T02:54:57.000-04:00,368,Renewables,Wind,Y
2021-03-28T02:54:57.000-04:00,313,Renewables,Wood,N
2021-03-28T02:58:35.000-04:00,10,Coal,Coal,N
2021-03-28T02:58:35.000-04:00,911,Hydro,Hydro,N
2021-03-28T02:58:35.000-04:00,2533,Natural Gas,Natural Gas,Y
2021-03-28T02:58:35.000-04:00,3355,Nuclear,Nuclear,N
2021-03-28T02:58:35.000-04:00,29,Renewables,Landfill Gas,N
2021-03-28T02:58:35.000-04:00,333,Renewables,Refuse,N
2021-03-28T02:58:35.000-04:00,374,Renewables,Wind,Y
2021-03-28T02:58:35.000-04:00,310,Renewables,Wood,N
2021-03-28T03:02:44.000-04:00,8,Coal,Coal,N
2021-03-28T03:02:44.000-04:00,915,Hydro,Hydro,N
2021-03-28T03:02:44.000-04:00,2572,Natural Gas,Natural Gas,Y
2021-03-28T03:02:44.000-04:00,3355,Nuclear,Nuclear,N
2021-03-28T03:02:44.000-04:00,21,Other,Other,N
2021-03-28T03:02:44.000-04:00,29,Renewables,Landfill Gas,N
2021-03-28T03:02:44.000-04:00,329,Renewables,Refuse,N
2021-03-28T03:02:44.000-04:00,383,Renewables,Wind,Y
2021-03-28T03:02:44.000-04:00,312,Renewables,Wood,N
2021-03-28T03:05:52.000-04:00,2,Coal,Coal,N
2021-03-28T03:05:52.000-04:00,915,Hydro,Hydro,N
2021-03-28T03:05:52.000-04:00,2587,Natural Gas,Natural Gas,Y
2021-03-28T03:05:52.000-04:00,3355,Nuclear,Nuclear,N
2021-03-28T03:05:52.000-04:00,21,Other,Other,N
2021-03-28T03:05:52.000-04:00,30,Renewables,Landfill Gas,N
2021-03-28T03:05:52.000-04:00,329,Renewables,Refuse,N
2021-03-28T03:05:52.000-04:00,385,Renewables,Wind,Y
2021-03-28T03:05:52.000-04:00,313,Renewables,Wood,N
2021-03-28T03:07:14.000-04:00,4,Coal,Coal,N
2021-03-28T03:07:14.000-04:00,933,Hydro,Hydro,N
2021-03-28T03:07:14.000-04:00,2712,Natural Gas,Natural Gas,Y
2021-03-28T03:07:14.000-04:00,3357,Nuclear,Nuclear,N
2021-03-28T03:07:14.000-04:00,29,Renewables,Landfill Gas,N
2021-03-28T03:07:14.000-04:00,338,Renewables,Refuse,N
2021-03-28T03:07:14.000-04:00,381,Renewables,Wind,Y
2021-03-28T03:07:14.000-04:00,312,Renewables,Wood,N
2021-03-28T03:20:10.000-04:00,6,Coal,Coal,N
2021-03-28T03:20:10.000-04:00,943,Hydro,Hydro,N
2021-03-28T03:20:10.000-04:00,2675,Natural Gas,Natural Gas,Y
2021-03-28T03:20:10.000-04:00,3354,Nuclear,Nuclear,N
2021-03-28T03:20:10.000-04:00,30,Renewables,Landfill Gas,N
2021-03-28T03:20:10.000-04:00,343,Renewables,Refuse,N
2021-03-28T03:20:10.000-04:00,352,Renewables,Wind,Y
2021-03-28T03:20:10.000-04:00,311,Renewables,Wood,N
2021-03-28T03:23:11.000-04:00,5,Coal,Coal,N
2021-03-28T03:23:11.000-04:00,945,Hydro,Hydro,N
2021-03-28T03:23:11.000-04:00,2688,Natural Gas,Natural Gas,Y
2021-03-28T03:23:11.000-04:00,3355,Nuclear,Nuclear,N
2021-03-28T03:23:11.000-04:00,6,Other,Other,N
2021-03-28T03:23:11.000-04:00,30,Renewables,Landfill Gas,N
2021-03-28T03:23:11.000-04:00,344,Renewables,Refuse,N
2021-03-28T03:23:11.000-04:00,354,Renewables,Wind,Y
2021-03-28T03:23:11.000-04:00,313,Renewables,Wood,N
2021-03-28T03:33:23.000-04:00,6,Coal,Coal,N
2021-03-28T03:33:23.000-04:00,943,Hydro,Hydro,N
2021-03-28T03:33:23.000-04:00,2681,Natural Gas,Natural Gas,Y
2021-03-28T03:33:23.000-04:00,3355,Nuclear,Nuclear,N
2021-03-28T03:33:23.000-04:00,29,Renewables,Landfill Gas,N
2021-03-28T03:33:23.000-04:00,340,Renewables,Refuse,N
2021-03-28T03:33:23.000-04:00,361,Renewables,Wind,Y
2021-03-28T03:33:23.000-04:00,310,Renewables,Wood,N
2021-03-28T03:34:54.000-04:00,1,Coal,Coal,N
2021-03-28T03:34:54.000-04:00,941,Hydro,Hydro,N
2021-03-28T03:34:54.000-04:00,2666,Natural Gas,Natural Gas,Y
2021-03-28T03:34:54.000-04:00,3355,Nuclear,Nuclear,N
2021-03-28T03:34:54.000-04:00,1,Other,Other,N
2021-03-28T03:34:54.000-04:00,30,Renewables,Landfill Gas,N
2021-03-28T03:34:54.000-04:00,338,Renewables,Refuse,N
2021-03-28T03:34:54.000-04:00,357,Renewables,Wind,Y
2021-03-28T03:34:54.000-04:00,311,Renewables,Wood,N
2021-03-28T03:43:44.000-04:00,4,Coal,Coal,N
2021-03-28T03:43:44.000-04:00,944,Hydro,Hydro,N
2021-03-28T03:43:44.000-04:00,2686,Natural Gas,Natural Gas,Y
2021-03-28T03:43:44.000-04:00,3354,Nuclear,Nuclear,N
2021-03-28T03:43:44.000-04:00,6,Other,Other,N
2021-03-28T03:43:44.000-04:00,30,Renewables,Landfill Gas,N
2021-03-28T03:43:44.000-04:00,343,Renewables,Refuse,N
2021-03-28T03:43:44.000-04:00,355,Renewables,Wind,Y
2021-03-28T03:43:44.000-04:00,311,Renewables,Wood,N
2021-03-28T03:56:42.000-04:00,3,Coal,Coal,N
2021-03-28T03:56:42.000-04:00,943,Hydro,Hydro,N
2021-03-28T03:56:42.000-04:00,2706,Natural Gas,Natural Gas,Y
2021-03-28T03:56:42.000-04:00,3355,Nuclear,Nuclear,N
2021-03-28T03:56:42.000-04:00,2,Other,Other,N
2021-03-28T03:56:42.000-04:00,30,Renewables,Landfill Gas,N
2021-03-28T03:56:42.000-04:00,347,Renewables,Refuse,N
2021-03-28T03:56:42.000-04:00,330,Renewables,Wind,Y
2021-03-28T03:56:42.000-04:00,310,Renewables,Wood,N
2021-03-28T04:11:56.000-04:00,4,Coal,Coal,N
2021-03-28T04:11:56.000-04:00,944,Hydro,Hydro,N
2021-03-28T04:11:56.000-04:00,2807,Natural Gas,Natural Gas,Y
2021-03-28T04:11:56.000-04:00,3355,Nuclear,Nuclear,N
2021-03-28T04:11:56.000-04:00,2,Other,Other,N
2021-03-28T04:11:56.000-04:00,30,Renewables,Landfill Gas,N
2021-03-28T04:11:56.000-04:00,335,Renewables,Refuse,N
2021-03-28T04:11:56.000-04:00,319,Renewables,Wind,Y
2021-03-28T04:11:56.000-04:00,300,Renewables,Wood,N
2021-03-28T04:14:50.000-04:00,5,Coal,Coal,N
2021-03-28T04:14:50.000-04:00,942,Hydro,Hydro,N
2021-03-28T04:14:50.000-04:00,2781,Natural Gas,Natural Gas,Y
2021-03-28T04:14:50.000-04:00,3352,Nuclear,Nuclear,N
2021-03-28T04:14:50.000-04:00,30,Renewables,Landfill Gas,N
2021-03-28T04:14:50.000-04:00,335,Renewables,Refuse,N
2021-03-28T04:14:50.000-04:00,312,Renewables,Wind,Y
2021-03-28T04:14:50.000-04:00,300,Renewables,Wood,N
2021-03-28T04:16:13.000-04:00,5,Coal,Coal,N
2021-03-28T04:16:13.000-04:00,942,Hydro,Hydro,N
2021-03-28T04:16:13.000-04:00,2756,Natural Gas,Natural Gas,Y
2021-03-28T04:16:13.000-04:00,3355,Nuclear,Nuclear,N
2021-03-28T04:16:13.000-04:00,30,Renewables,Landfill Gas,N
2021-03-28T04:16:13.000-04:00,335,Renewables,Refuse,N
2021-03-28T04:16:13.000-04:00,313,Renewables,Wind,Y
2021-03-28T04:16:13.000-04:00,300,Renewables,Wood,N
2021-03-28T04:24:45.000-04:00,5,Coal,Coal,N
2021-03-28T04:24:45.000-04:00,939,Hydro,Hydro,N
2021-03-28T04:24:45.000-04:00,2605,Natural Gas,Natural Gas,Y
2021-03-28T04:24:45.000-04:00,3354,Nuclear,Nuclear,N
2021-03-28T04:24:45.000-04:00,8,Other,Other,N
2021-03-28T04:24:45.000-04:00,30,Renewables,Landfill Gas,N
2021-03-28T04:24:45.000-04:00,342,Renewables,Refuse,N
2021-03-28T04:24:45.000-04:00,312,Renewables,Wind,Y
2021-03-28T04:24:45.000-04:00,307,Renewables,Wood,N
2021-03-28T04:31:59.000-04:00,3,Coal,Coal,N
2021-03-28T04:31:59.000-04:00,940,Hydro,Hydro,N
2021-03-28T04:31:59.000-04:00,2531,Natural Gas,Natural Gas,Y
2021-03-28T04:31:59.000-04:00,3355,Nuclear,Nuclear,N
2021-03-28T04:31:59.000-04:00,5,Other,Other,N
2021-03-28T04:31:59.000-04:00,30,Renewables,Landfill Gas,N
2021-03-28T04:31:59.000-04:00,336,Renewables,Refuse,N
2021-03-28T04:31:59.000-04:00,320,Renewables,Wind,Y
2021-03-28T04:31:59.000-04:00,309,Renewables,Wood,N
2021-03-28T04:34:03.000-04:00,2,Coal,Coal,N
2021-03-28T04:34:03.000-04:00,941,Hydro,Hydro,N
2021-03-28T04:34:03.000-04:00,2546,Natural Gas,Natural Gas,Y
2021-03-28T04:34:03.000-04:00,3353,Nuclear,Nuclear,N
2021-03-28T04:34:03.000-04:00,9,Other,Other,N
2021-03-28T04:34:03.000-04:00,29,Renewables,Landfill Gas,N
2021-03-28T04:34:03.000-04:00,337,Renewables,Refuse,N
2021-03-28T04:34:03.000-04:00,326,Renewables,Wind,Y
2021-03-28T04:34:03.000-04:00,310,Renewables,Wood,N
2021-03-28T04:36:25.000-04:00,0,Coal,Coal,N
2021-03-28T04:36:25.000-04:00,939,Hydro,Hydro,N
2021-03-28T04:36:25.000-04:00,2547,Natural Gas,Natural Gas,Y
2021-03-28T04:36:25.000-04:00,3355,Nuclear,Nuclear,N
2021-03-28T04:36:25.000-04:00,20,Other,Other,N
2021-03-28T04:36:25.000-04:00,30,Renewables,Landfill Gas,N
2021-03-28T04:36:25.000-04:00,339,Renewables,Refuse,N
2021-03-28T04:36:25.000-04:00,326,Renewables,Wind,Y
2021-03-28T04:36:25.000-04:00,312,Renewables,Wood,N
2021-03-28T04:37:57.000-04:00,1,Coal,Coal,N
2021-03-28T04:37:57.000-04:00,943,Hydro,Hydro,N
2021-03-28T04:37:57.000-04:00,2624,Natural Gas,Natural Gas,Y
2021-03-28T04:37:57.000-04:00,3352,Nuclear,Nuclear,N
2021-03-28T04:37:57.000-04:00,30,Renewables,Landfill Gas,N
2021-03-28T04:37:57.000-04:00,339,Renewables,Refuse,N
2021-03-28T04:37:57.000-04:00,323,Renewables,Wind,Y
2021-03-28T04:37:57.000-04:00,311,Renewables,Wood,N
2021-03-28T04:53:47.000-04:00,945,Hydro,Hydro,N
2021-03-28T04:53:47.000-04:00,2633,Natural Gas,Natural Gas,Y
2021-03-28T04:53:47.000-04:00,3354,Nuclear,Nuclear,N
2021-03-28T04:53:47.000-04:00,0,Other,Other,N
2021-03-28T04:53:47.000-04:00,28,Renewables,Landfill Gas,N
2021-03-28T04:53:47.000-04:00,339,Renewables,Refuse,N
2021-03-28T04:53:47.000-04:00,328,Renewables,Wind,Y
2021-03-28T04:53:47.000-04:00,311,Renewables,Wood,N
2021-03-28T04:57:38.000-04:00,3,Coal,Coal,N
2021-03-28T04:57:38.000-04:00,950,Hydro,Hydro,N
2021-03-28T04:57:38.000-04:00,2600,Natural Gas,Natural Gas,Y
2021-03-28T04:57:38.000-04:00,3357,Nuclear,Nuclear,N
2021-03-28T04:57:38.000-04:00,12,Other,Other,N
2021-03-28T04:57:38.000-04:00,28,Renewables,Landfill Gas,N
2021-03-28T04:57:38.000-04:00,338,Renewables,Refuse,N
2021-03-28T04:57:38.000-04:00,331,Renewables,Wind,Y
2021-03-28T04:57:38.000-04:00,312,Renewables,Wood,N
2021-03-28T04:59:26.000-04:00,4,Coal,Coal,N
2021-03-28T04:59:26.000-04:00,951,Hydro,Hydro,N
2021-03-28T04:59:26.000-04:00,2579,Natural Gas,Natural Gas,Y
2021-03-28T04:59:26.000-04:00,3354,Nuclear,Nuclear,N
2021-03-28T04:59:26.000-04:00,28,Renewables,Landfill Gas,N
2021-03-28T04:59:26.000-04:00,342,Renewables,Refuse,N
2021-03-28T04:59:26.000-04:00,333,Renewables,Wind,Y
2021-03-28T04:59:26.000-04:00,310,Renewables,Wood,N
2021-03-28T05:04:09.000-04:00,2,Coal,Coal,N
2021-03-28T05:04:09.000-04:00,950,Hydro,Hydro,N
2021-03-28T05:04:09.000-04:00,2459,Natural Gas,Natural Gas,Y
2021-03-28T05:04:09.000-04:00,3355,Nuclear,Nuclear,N
2021-03-28T05:04:09.000-04:00,1,Other,Other,N
2021-03-28T05:04:09.000-04:00,28,Renewables,Landfill Gas,N
2021-03-28T05:04:09.000-04:00,335,Renewables,Refuse,N
2021-03-28T05:04:09.000-04:00,333,Renewables,Wind,Y
2021-03-28T05:04:09.000-04:00,312,Renewables,Wood,N
2021-03-28T05:06:42.000-04:00,2,Coal,Coal,N
2021-03-28T05:06:42.000-04:00,955,Hydro,Hydro,N
2021-03-28T05:06:42.000-04:00,2517,Natural Gas,Natural Gas,Y
2021-03-28T05:06:42.000-04:00,3355,Nuclear,Nuclear,N
2021-03-28T05:06:42.000-04:00,31,Other,Other,N
2021-03-28T05:06:42.000-04:00,28,Renewables,Landfill Gas,N
2021-03-28T05:06:42.000-04:00,337,Renewables,Refuse,N
2021-03-28T05:06:42.000-04:00,336,Renewables,Wind,Y
2021-03-28T05:06:42.000-04:00,312,Renewables,Wood,N
2021-03-28T05:11:27.000-04:00,1,Coal,Coal,N
2021-03-28T05:11:27.000-04:00,956,Hydro,Hydro,N
2021-03-28T05:11:27.000-04:00,2522,Natural Gas,Natural Gas,Y
2021-03-28T05:11:27.000-04:00,3354,Nuclear,Nuclear,N
2021-03-28T05:11:27.000-04:00,28,Renewables,Landfill Gas,N
2021-03-28T05:11:27.000-04:00,342,Renewables,Refuse,N
2021-03-28T05:11:27.000-04:00,338,Renewables,Wind,Y
2021-03-28T05:11:27.000-04:00,310,Renewables,Wood,N
2021-03-28T05:19:52.000-04:00,3,Coal,Coal,N
2021-03-28T05:19:52.000-04:00,958,Hydro,Hydro,N
2021-03-28T05:19:52.000-04:00,2362,Natural Gas,Natural Gas,Y
2021-03-28T05:19:52.000-04:00,3359,Nuclear,Nuclear,N
2021-03-28T05:19:52.000-04:00,9,Other,Other,N
2021-03-28T05:19:52.000-04:00,28,Renewables,Landfill Gas,N
2021-03-28T05:19:52.000-04:00,338,Renewables,Refuse,N
2021-03-28T05:19:52.000-04:00,338,Renewables,Wind,Y
2021-03-28T05:19:52.000-04:00,311,Renewables,Wood,N
2021-03-28T05:22:03.000-04:00,2,Coal,Coal,N
2021-03-28T05:22:03.000-04:00,958,Hydro,Hydro,N
2021-03-28T05:22:03.000-04:00,2390,Natural Gas,Natural Gas,Y
2021-03-28T05:22:03.000-04:00,3352,Nuclear,Nuclear,N
2021-03-28T05:22:03.000-04:00,3,Other,Other,N
2021-03-28T05:22:03.000-04:00,28,Renewables,Landfill Gas,N
2021-03-28T05:22:03.000-04:00,336,Renewables,Refuse,N
2021-03-28T05:22:03.000-04:00,341,Renewables,Wind,Y
2021-03-28T05:22:03.000-04:00,310,Renewables,Wood,N
2021-03-28T05:28:29.000-04:00,4,Coal,Coal,N
2021-03-28T05:28:29.000-04:00,965,Hydro,Hydro,N
2021-03-28T05:28:29.000-04:00,2444,Natural Gas,Natural Gas,Y
2021-03-28T05:28:29.000-04:00,3350,Nuclear,Nuclear,N
2021-03-28T05:28:29.000-04:00,28,Renewables,Landfill Gas,N
2021-03-28T05:28:29.000-04:00,342,Renewables,Refuse,N
2021-03-28T05:28:29.000-04:00,349,Renewables,Wind,Y
2021-03-28T05:28:29.000-04:00,310,Renewables,Wood,N
2021-03-28T05:32:09.000-04:00,7,Coal,Coal,N
2021-03-28T05:32:09.000-04:00,966,Hydro,Hydro,N
2021-03-28T05:32:09.000-04:00,2467,Natural Gas,Natural Gas,Y
2021-03-28T05:32:09.000-04:00,3355,Nuclear,Nuclear,N
2021-03-28T05:32:09.000-04:00,15,Other,Other,N
2021-03-28T05:32:09.000-04:00,28,Renewables,Landfill Gas,N
2021-03-28T05:32:09.000-04:00,337,Renewables,Refuse,N
2021-03-28T05:32:09.000-04:00,357,Renewables,Wind,Y
2021-03-28T05:32:09.000-04:00,310,Renewables,Wood,N
2021-03-28T05:35:55.000-04:00,4,Coal,Coal,N
2021-03-28T05:35:55.000-04:00,964,Hydro,Hydro,N
2021-03-28T05:35:55.000-04:00,2457,Natural Gas,Natural Gas,Y
2021-03-28T05:35:55.000-04:00,3355,Nuclear,Nuclear,N
2021-03-28T05:35:55.000-04:00,0,Other,Other,N
2021-03-28T05:35:55.000-04:00,28,Renewables,Landfill Gas,N
2021-03-28T05:35:55.000-04:00,342,Renewables,Refuse,N
2021-03-28T05:35:55.000-04:00,356,Renewables,Wind,Y
2021-03-28T05:35:55.000-04:00,310,Renewables,Wood,N
2021-03-28T05:49:52.000-04:00,2,Coal,Coal,N
2021-03-28T05:49:52.000-04:00,966,Hydro,Hydro,N
2021-03-28T05:49:52.000-04:00,2450,Natural Gas,Natural Gas,Y
2021-03-28T05:49:52.000-04:00,3359,Nuclear,Nuclear,N
2021-03-28T05:49:52.000-04:00,28,Renewables,Landfill Gas,N
2021-03-28T05:49:52.000-04:00,343,Renewables,Refuse,N
2021-03-28T05:49:52.000-04:00,384,Renewables,Wind,Y
2021-03-28T05:49:52.000-04:00,309,Renewables,Wood,N
2021-03-28T06:03:47.000-04:00,1004,Hydro,Hydro,N
2021-03-28T06:03:47.000-04:00,2530,Natural Gas,Natural Gas,Y
2021-03-28T06:03:47.000-04:00,3354,Nuclear,Nuclear,N
2021-03-28T06:03:47.000-04:00,10,Other,Other,N
2021-03-28T06:03:47.000-04:00,28,Renewables,Landfill Gas,N
2021-03-28T06:03:47.000-04:00,340,Renewables,Refuse,N
2021-03-28T06:03:47.000-04:00,410,Renewables,Wind,Y
2021-03-28T06:03:47.000-04:00,307,Renewables,Wood,N
2021-03-28T06:11:35.000-04:00,1004,Hydro,Hydro,N
2021-03-28T06:11:35.000-04:00,2530,Natural Gas,Natural Gas,Y
2021-03-28T06:11:35.000-04:00,3354,Nuclear,Nuclear,N
2021-03-28T06:11:35.000-04:00,10,Other,Other,N
2021-03-28T06:11:35.000-04:00,28,Renewables,Landfill Gas,N
2021-03-28T06:11:35.000-04:00,340,Renewables,Refuse,N
2021-03-28T06:11:35.000-04:00,410,Renewables,Wind,Y
2021-03-28T06:11:35.000-04:00,307,Renewables,Wood,N
2021-03-28T06:15:16.000-04:00,0,Coal,Coal,N
2021-03-28T06:15:16.000-04:00,1004,Hydro,Hydro,N
2021-03-28T06:15:16.000-04:00,2644,Natural Gas,Natural Gas,Y
2021-03-28T06:15:16.000-04:00,3357,Nuclear,Nuclear,N
2021-03-28T06:15:16.000-04:00,1,Other,Other,N
2021-03-28T06:15:16.000-04:00,30,Renewables,Landfill Gas,N
2021-03-28T06:15:16.000-04:00,343,Renewables,Refuse,N
2021-03-28T06:15:16.000-04:00,411,Renewables,Wind,Y
2021-03-28T06:15:16.000-04:00,312,Renewables,Wood,N
2021-03-28T06:24:33.000-04:00,5,Coal,Coal,N
2021-03-28T06:24:33.000-04:00,1007,Hydro,Hydro,N
2021-03-28T06:24:33.000-04:00,2650,Natural Gas,Natural Gas,Y
2021-03-28T06:24:33.000-04:00,3355,Nuclear,Nuclear,N
2021-03-28T06:24:33.000-04:00,30,Renewables,Landfill Gas,N
2021-03-28T06:24:33.000-04:00,336,Renewables,Refuse,N
2021-03-28T06:24:33.000-04:00,407,Renewables,Wind,Y
2021-03-28T06:24:33.000-04:00,310,Renewables,Wood,N
2021-03-28T06:42:23.000-04:00,4,Coal,Coal,N
2021-03-28T06:42:23.000-04:00,1008,Hydro,Hydro,N
2021-03-28T06:42:23.000-04:00,2735,Natural Gas,Natural Gas,Y
2021-03-28T06:42:23.000-04:00,3355,Nuclear,Nuclear,N
2021-03-28T06:42:23.000-04:00,6,Other,Other,N
2021-03-28T06:42:23.000-04:00,30,Renewables,Landfill Gas,N
2021-03-28T06:42:23.000-04:00,335,Renewables,Refuse,N
2021-03-28T06:42:23.000-04:00,423,Renewables,Wind,Y
2021-03-28T06:42:23.000-04:00,312,Renewables,Wood,N
2021-03-28T06:49:39.000-04:00,3,Coal,Coal,N
2021-03-28T06:49:39.000-04:00,1007,Hydro,Hydro,N
2021-03-28T06:49:39.000-04:00,2820,Natural Gas,Natural Gas,Y
2021-03-28T06:49:39.000-04:00,3357,Nuclear,Nuclear,N
2021-03-28T06:49:39.000-04:00,30,Renewables,Landfill Gas,N
2021-03-28T06:49:39.000-04:00,339,Renewables,Refuse,N
2021-03-28T06:49:39.000-04:00,0,Renewables,Solar,N
2021-03-28T06:49:39.000-04:00,412,Renewables,Wind,Y
2021-03-28T06:49:39.000-04:00,310,Renewables,Wood,N
2021-03-28T06:53:45.000-04:00,1,Coal,Coal,N
2021-03-28T06:53:45.000-04:00,1007,Hydro,Hydro,N
2021-03-28T06:53:45.000-04:00,2785,Natural Gas,Natural Gas,Y
2021-03-28T06:53:45.000-04:00,3353,Nuclear,Nuclear,N
2021-03-28T06:53:45.000-04:00,30,Renewables,Landfill Gas,N
2021-03-28T06:53:45.000-04:00,340,Renewables,Refuse,N
2021-03-28T06:53:45.000-04:00,0,Renewables,Solar,N
2021-03-28T06:53:45.000-04:00,416,Renewables,Wind,Y
2021-03-28T06:53:45.000-04:00,308,Renewables,Wood,N
2021-03-28T06:56:17.000-04:00,1,Coal,Coal,N
2021-03-28T06:56:17.000-04:00,1007,Hydro,Hydro,N
2021-03-28T06:56:17.000-04:00,2785,Natural Gas,Natural Gas,Y
2021-03-28T06:56:17.000-04:00,3353,Nuclear,Nuclear,N
2021-03-28T06:56:17.000-04:00,30,Renewables,Landfill Gas,N
2021-03-28T06:56:17.000-04:00,340,Renewables,Refuse,N
2021-03-28T06:56:17.000-04:00,0,Renewables,Solar,N
2021-03-28T06:56:17.000-04:00,416,Renewables,Wind,Y
2021-03-28T06:56:17.000-04:00,308,Renewables,Wood,N
2021-03-28T07:17:44.000-04:00,4,Coal,Coal,N
2021-03-28T07:17:44.000-04:00,1049,Hydro,Hydro,N
2021-03-28T07:17:44.000-04:00,2778,Natural Gas,Natural Gas,Y
2021-03-28T07:17:44.000-04:00,3354,Nuclear,Nuclear,N
2021-03-28T07:17:44.000-04:00,3,Other,Other,N
2021-03-28T07:17:44.000-04:00,30,Renewables,Landfill Gas,N
2021-03-28T07:17:44.000-04:00,342,Renewables,Refuse,N
2021-03-28T07:17:44.000-04:00,2,Renewables,Solar,N
2021-03-28T07:17:44.000-04:00,429,Renewables,Wind,N
2021-03-28T07:17:44.000-04:00,309,Renewables,Wood,N
2021-03-28T07:23:43.000-04:00,1,Coal,Coal,N
2021-03-28T07:23:43.000-04:00,1049,Hydro,Hydro,N
2021-03-28T07:23:43.000-04:00,2843,Natural Gas,Natural Gas,Y
2021-03-28T07:23:43.000-04:00,3355,Nuclear,Nuclear,N
2021-03-28T07:23:43.000-04:00,1,Other,Other,N
2021-03-28T07:23:43.000-04:00,30,Renewables,Landfill Gas,N
2021-03-28T07:23:43.000-04:00,345,Renewables,Refuse,N
2021-03-28T07:23:43.000-04:00,3,Renewables,Solar,N
2021-03-28T07:23:43.000-04:00,421,Renewables,Wind,Y
2021-03-28T07:23:43.000-04:00,308,Renewables,Wood,N
2021-03-28T07:36:26.000-04:00,0,Coal,Coal,N
2021-03-28T07:36:26.000-04:00,1050,Hydro,Hydro,N
2021-03-28T07:36:26.000-04:00,3111,Natural Gas,Natural Gas,Y
2021-03-28T07:36:26.000-04:00,3355,Nuclear,Nuclear,N
2021-03-28T07:36:26.000-04:00,30,Renewables,Landfill Gas,N
2021-03-28T07:36:26.000-04:00,345,Renewables,Refuse,N
2021-03-28T07:36:26.000-04:00,5,Renewables,Solar,N
2021-03-28T07:36:26.000-04:00,428,Renewables,Wind,Y
2021-03-28T07:36:26.000-04:00,308,Renewables,Wood,N
2021-03-28T07:44:15.000-04:00,1,Coal,Coal,N
2021-03-28T07:44:15.000-04:00,1043,Hydro,Hydro,N
2021-03-28T07:44:15.000-04:00,3411,Natural Gas,Natural Gas,Y
2021-03-28T07:44:15.000-04:00,3355,Nuclear,Nuclear,N
2021-03-28T07:44:15.000-04:00,30,Renewables,Landfill Gas,N
2021-03-28T07:44:15.000-04:00,340,Renewables,Refuse,N
2021-03-28T07:44:15.000-04:00,6,Renewables,Solar,N
2021-03-28T07:44:15.000-04:00,412,Renewables,Wind,Y
2021-03-28T07:44:15.000-04:00,308,Renewables,Wood,N
2021-03-28T07:55:19.000-04:00,2,Coal,Coal,N
2021-03-28T07:55:19.000-04:00,1039,Hydro,Hydro,N
2021-03-28T07:55:19.000-04:00,3464,Natural Gas,Natural Gas,Y
2021-03-28T07:55:19.000-04:00,3353,Nuclear,Nuclear,N
2021-03-28T07:55:19.000-04:00,25,Other,Other,N
2021-03-28T07:55:19.000-04:00,30,Renewables,Landfill Gas,N
2021-03-28T07:55:19.000-04:00,342,Renewables,Refuse,N
2021-03-28T07:55:19.000-04:00,7,Renewables,Solar,N
2021-03-28T07:55:19.000-04:00,422,Renewables,Wind,Y
2021-03-28T07:55:19.000-04:00,311,Renewables,Wood,N
2021-03-28T07:59:00.000-04:00,6,Coal,Coal,N
2021-03-28T07:59:00.000-04:00,1060,Hydro,Hydro,N
2021-03-28T07:59:00.000-04:00,3567,Natural Gas,Natural Gas,Y
2021-03-28T07:59:00.000-04:00,3354,Nuclear,Nuclear,N
2021-03-28T07:59:00.000-04:00,3,Other,Other,N
2021-03-28T07:59:00.000-04:00,30,Renewables,Landfill Gas,N
2021-03-28T07:59:00.000-04:00,338,Renewables,Refuse,N
2021-03-28T07:59:00.000-04:00,7,Renewables,Solar,N
2021-03-28T07:59:00.000-04:00,424,Renewables,Wind,Y
2021-03-28T07:59:00.000-04:00,311,Renewables,Wood,N
2021-03-28T08:03:26.000-04:00,4,Coal,Coal,N
2021-03-28T08:03:26.000-04:00,1073,Hydro,Hydro,N
2021-03-28T08:03:26.000-04:00,3616,Natural Gas,Natural Gas,Y
2021-03-28T08:03:26.000-04:00,3355,Nuclear,Nuclear,N
2021-03-28T08:03:26.000-04:00,2,Other,Other,N
2021-03-28T08:03:26.000-04:00,30,Renewables,Landfill Gas,N
2021-03-28T08:03:26.000-04:00,338,Renewables,Refuse,N
2021-03-28T08:03:26.000-04:00,8,Renewables,Solar,N
2021-03-28T08:03:26.000-04:00,427,Renewables,Wind,Y
2021-03-28T08:03:26.000-04:00,314,Renewables,Wood,N
2021-03-28T08:09:51.000-04:00,3,Coal,Coal,N
2021-03-28T08:09:51.000-04:00,1096,Hydro,Hydro,N
2021-03-28T08:09:51.000-04:00,3710,Natural Gas,Natural Gas,Y
2021-03-28T08:09:51.000-04:00,3355,Nuclear,Nuclear,N
2021-03-28T08:09:51.000-04:00,2,Other,Other,N
2021-03-28T08:09:51.000-04:00,30,Renewables,Landfill Gas,N
2021-03-28T08:09:51.000-04:00,339,Renewables,Refuse,N
2021-03-28T08:09:51.000-04:00,9,Renewables,Solar,N
2021-03-28T08:09:51.000-04:00,424,Renewables,Wind,Y
2021-03-28T08:09:51.000-04:00,310,Renewables,Wood,N
2021-03-28T08:21:37.000-04:00,5,Coal,Coal,N
2021-03-28T08:21:37.000-04:00,1093,Hydro,Hydro,N
2021-03-28T08:21:37.000-04:00,3945,Natural Gas,Natural Gas,Y
2021-03-28T08:21:37.000-04:00,3355,Nuclear,Nuclear,N
2021-03-28T08:21:37.000-04:00,30,Renewables,Landfill Gas,N
2021-03-28T08:21:37.000-04:00,343,Renewables,Refuse,N
2021-03-28T08:21:37.000-04:00,11,Renewables,Solar,N
2021-03-28T08:21:37.000-04:00,426,Renewables,Wind,Y
2021-03-28T08:21:37.000-04:00,313,Renewables,Wood,N
2021-03-28T08:25:50.000-04:00,2,Coal,Coal,N
2021-03-28T08:25:50.000-04:00,1102,Hydro,Hydro,N
2021-03-28T08:25:50.000-04:00,4033,Natural Gas,Natural Gas,Y
2021-03-28T08:25:50.000-04:00,3355,Nuclear,Nuclear,N
2021-03-28T08:25:50.000-04:00,31,Renewables,Landfill Gas,N
2021-03-28T08:25:50.000-04:00,329,Renewables,Refuse,N
2021-03-28T08:25:50.000-04:00,12,Renewables,Solar,N
2021-03-28T08:25:50.000-04:00,428,Renewables,Wind,Y
2021-03-28T08:25:50.000-04:00,311,Renewables,Wood,N
2021-03-28T08:38:49.000-04:00,2,Coal,Coal,N
2021-03-28T08:38:49.000-04:00,1095,Hydro,Hydro,N
2021-03-28T08:38:49.000-04:00,4032,Natural Gas,Natural Gas,Y
2021-03-28T08:38:49.000-04:00,3357,Nuclear,Nuclear,N
2021-03-28T08:38:49.000-04:00,1,Other,Other,N
2021-03-28T08:38:49.000-04:00,31,Renewables,Landfill Gas,N
2021-03-28T08:38:49.000-04:00,342,Renewables,Refuse,N
2021-03-28T08:38:49.000-04:00,13,Renewables,Solar,N
2021-03-28T08:38:49.000-04:00,410,Renewables,Wind,Y
2021-03-28T08:38:49.000-04:00,311,Renewables,Wood,N
2021-03-28T08:46:04.000-04:00,4,Coal,Coal,N
2021-03-28T08:46:04.000-04:00,1102,Hydro,Hydro,N
2021-03-28T08:46:04.000-04:00,3861,Natural Gas,Natural Gas,Y
2021-03-28T08:46:04.000-04:00,3357,Nuclear,Nuclear,N
2021-03-28T08:46:04.000-04:00,35,Other,Other,N
2021-03-28T08:46:04.000-04:00,31,Renewables,Landfill Gas,N
2021-03-28T08:46:04.000-04:00,342,Renewables,Refuse,N
2021-03-28T08:46:04.000-04:00,16,Renewables,Solar,N
2021-03-28T08:46:04.000-04:00,418,Renewables,Wind,Y
2021-03-28T08:46:04.000-04:00,312,Renewables,Wood,N
2021-03-28T08:46:21.000-04:00,4,Coal,Coal,N
2021-03-28T08:46:21.000-04:00,1102,Hydro,Hydro,N
2021-03-28T08:46:21.000-04:00,3855,Natural Gas,Natural Gas,Y
2021-03-28T08:46:21.000-04:00,3355,Nuclear,Nuclear,N
2021-03-28T08:46:21.000-04:00,36,Other,Other,N
2021-03-28T08:46:21.000-04:00,32,Renewables,Landfill Gas,N
2021-03-28T08:46:21.000-04:00,343,Renewables,Refuse,N
2021-03-28T08:46:21.000-04:00,16,Renewables,Solar,N
2021-03-28T08:46:21.000-04:00,416,Renewables,Wind,Y
2021-03-28T08:46:21.000-04:00,312,Renewables,Wood,N
2021-03-28T08:53:59.000-04:00,1132,Hydro,Hydro,N
2021-03-28T08:53:59.000-04:00,4277,Natural Gas,Natural Gas,Y
2021-03-28T08:53:59.000-04:00,3355,Nuclear,Nuclear,N
2021-03-28T08:53:59.000-04:00,31,Renewables,Landfill Gas,N
2021-03-28T08:53:59.000-04:00,329,Renewables,Refuse,N
2021-03-28T08:53:59.000-04:00,17,Renewables,Solar,N
2021-03-28T08:53:59.000-04:00,446,Renewables,Wind,Y
2021-03-28T08:53:59.000-04:00,310,Renewables,Wood,N
2021-03-28T09:00:23.000-04:00,7,Coal,Coal,N
2021-03-28T09:00:23.000-04:00,1127,Hydro,Hydro,N
2021-03-28T09:00:23.000-04:00,4115,Natural Gas,Natural Gas,Y
2021-03-28T09:00:23.000-04:00,3352,Nuclear,Nuclear,N
2021-03-28T09:00:23.000-04:00,36,Other,Other,N
2021-03-28T09:00:23.000-04:00,31,Renewables,Landfill Gas,N
2021-03-28T09:00:23.000-04:00,335,Renewables,Refuse,N
2021-03-28T09:00:23.000-04:00,17,Renewables,Solar,N
2021-03-28T09:00:23.000-04:00,452,Renewables,Wind,Y
2021-03-28T09:00:23.000-04:00,312,Renewables,Wood,N
2021-03-28T09:10:47.000-04:00,1123,Hydro,Hydro,N
2021-03-28T09:10:47.000-04:00,4303,Natural Gas,Natural Gas,Y
2021-03-28T09:10:47.000-04:00,3354,Nuclear,Nuclear,N
2021-03-28T09:10:47.000-04:00,30,Renewables,Landfill Gas,N
2021-03-28T09:10:47.000-04:00,334,Renewables,Refuse,N
2021-03-28T09:10:47.000-04:00,20,Renewables,Solar,N
2021-03-28T09:10:47.000-04:00,464,Renewables,Wind,Y
2021-03-28T09:10:47.000-04:00,312,Renewables,Wood,N
2021-03-28T09:14:26.000-04:00,1,Coal,Coal,N
2021-03-28T09:14:26.000-04:00,1119,Hydro,Hydro,N
2021-03-28T09:14:26.000-04:00,4291,Natural Gas,Natural Gas,Y
2021-03-28T09:14:26.000-04:00,3355,Nuclear,Nuclear,N
2021-03-28T09:14:26.000-04:00,4,Other,Other,N
2021-03-28T09:14:26.000-04:00,30,Renewables,Landfill Gas,N
2021-03-28T09:14:26.000-04:00,337,Renewables,Refuse,N
2021-03-28T09:14:26.000-04:00,21,Renewables,Solar,N
2021-03-28T09:14:26.000-04:00,465,Renewables,Wind,Y
2021-03-28T09:14:26.000-04:00,313,Renewables,Wood,N
2021-03-28T09:21:39.000-04:00,3,Coal,Coal,N
2021-03-28T09:21:39.000-04:00,1118,Hydro,Hydro,N
2021-03-28T09:21:39.000-04:00,4372,Natural Gas,Natural Gas,Y
2021-03-28T09:21:39.000-04:00,3354,Nuclear,Nuclear,N
2021-03-28T09:21:39.000-04:00,15,Other,Other,N
2021-03-28T09:21:39.000-04:00,30,Renewables,Landfill Gas,N
2021-03-28T09:21:39.000-04:00,336,Renewables,Refuse,N
2021-03-28T09:21:39.000-04:00,25,Renewables,Solar,N
2021-03-28T09:21:39.000-04:00,477,Renewables,Wind,Y
2021-03-28T09:21:39.000-04:00,313,Renewables,Wood,N
2021-03-28T09:26:37.000-04:00,4,Coal,Coal,N
2021-03-28T09:26:37.000-04:00,1119,Hydro,Hydro,N
2021-03-28T09:26:37.000-04:00,4395,Natural Gas,Natural Gas,Y
2021-03-28T09:26:37.000-04:00,3354,Nuclear,Nuclear,N
2021-03-28T09:26:37.000-04:00,4,Other,Other,N
2021-03-28T09:26:37.000-04:00,30,Renewables,Landfill Gas,N
2021-03-28T09:26:37.000-04:00,337,Renewables,Refuse,N
2021-03-28T09:26:37.000-04:00,24,Renewables,Solar,N
2021-03-28T09:26:37.000-04:00,486,Renewables,Wind,Y
2021-03-28T09:26:37.000-04:00,311,Renewables,Wood,N
2021-03-28T09:40:43.000-04:00,2,Coal,Coal,N
2021-03-28T09:40:43.000-04:00,1484,Hydro,Hydro,N
2021-03-28T09:40:43.000-04:00,4375,Natural Gas,Natural Gas,Y
2021-03-28T09:40:43.000-04:00,3353,Nuclear,Nuclear,N
2021-03-28T09:40:43.000-04:00,30,Renewables,Landfill Gas,N
2021-03-28T09:40:43.000-04:00,343,Renewables,Refuse,N
2021-03-28T09:40:43.000-04:00,24,Renewables,Solar,N
2021-03-28T09:40:43.000-04:00,510,Renewables,Wind,Y
2021-03-28T09:40:43.000-04:00,313,Renewables,Wood,N
2021-03-28T09:50:50.000-04:00,4,Coal,Coal,N
2021-03-28T09:50:50.000-04:00,1484,Hydro,Hydro,N
2021-03-28T09:50:50.000-04:00,4340,Natural Gas,Natural Gas,Y
2021-03-28T09:50:50.000-04:00,3353,Nuclear,Nuclear,N
2021-03-28T09:50:50.000-04:00,30,Renewables,Landfill Gas,N
2021-03-28T09:50:50.000-04:00,339,Renewables,Refuse,N
2021-03-28T09:50:50.000-04:00,24,Renewables,Solar,N
2021-03-28T09:50:50.000-04:00,508,Renewables,Wind,Y
2021-03-28T09:50:50.000-04:00,311,Renewables,Wood,N
2021-03-28T09:57:24.000-04:00,7,Coal,Coal,N
2021-03-28T09:57:24.000-04:00,1498,Hydro,Hydro,N
2021-03-28T09:57:24.000-04:00,4292,Natural Gas,Natural Gas,Y
2021-03-28T09:57:24.000-04:00,3353,Nuclear,Nuclear,N
2021-03-28T09:57:24.000-04:00,7,Other,Other,N
2021-03-28T09:57:24.000-04:00,30,Renewables,Landfill Gas,N
2021-03-28T09:57:24.000-04:00,342,Renewables,Refuse,N
2021-03-28T09:57:24.000-04:00,25,Renewables,Solar,N
2021-03-28T09:57:24.000-04:00,511,Renewables,Wind,Y
2021-03-28T09:57:24.000-04:00,312,Renewables,Wood,N
2021-03-28T10:04:31.000-04:00,4,Coal,Coal,N
2021-03-28T10:04:31.000-04:00,1454,Hydro,Hydro,N
2021-03-28T10:04:31.000-04:00,4431,Natural Gas,Natural Gas,Y
2021-03-28T10:04:31.000-04:00,3357,Nuclear,Nuclear,N
2021-03-28T10:04:31.000-04:00,3,Other,Other,N
2021-03-28T10:04:31.000-04:00,30,Renewables,Landfill Gas,N
2021-03-28T10:04:31.000-04:00,338,Renewables,Refuse,N
2021-03-28T10:04:31.000-04:00,23,Renewables,Solar,N
2021-03-28T10:04:31.000-04:00,539,Renewables,Wind,Y
2021-03-28T10:04:31.000-04:00,313,Renewables,Wood,N
2021-03-28T10:24:42.000-04:00,7,Coal,Coal,N
2021-03-28T10:24:42.000-04:00,1493,Hydro,Hydro,N
2021-03-28T10:24:42.000-04:00,4509,Natural Gas,Natural Gas,Y
2021-03-28T10:24:42.000-04:00,3355,Nuclear,Nuclear,N
2021-03-28T10:24:42.000-04:00,3,Other,Other,N
2021-03-28T10:24:42.000-04:00,30,Renewables,Landfill Gas,N
2021-03-28T10:24:42.000-04:00,328,Renewables,Refuse,N
2021-03-28T10:24:42.000-04:00,20,Renewables,Solar,N
2021-03-28T10:24:42.000-04:00,582,Renewables,Wind,Y
2021-03-28T10:24:42.000-04:00,311,Renewables,Wood,N
2021-03-28T10:37:07.000-04:00,6,Coal,Coal,N
2021-03-28T10:37:07.000-04:00,1664,Hydro,Hydro,N
2021-03-28T10:37:07.000-04:00,4548,Natural Gas,Natural Gas,Y
2021-03-28T10:37:07.000-04:00,3355,Nuclear,Nuclear,N
2021-03-28T10:37:07.000-04:00,3,Other,Other,N
2021-03-28T10:37:07.000-04:00,31,Renewables,Landfill Gas,N
2021-03-28T10:37:07.000-04:00,330,Renewables,Refuse,N
2021-03-28T10:37:07.000-04:00,20,Renewables,Solar,N
2021-03-28T10:37:07.000-04:00,568,Renewables,Wind,Y
2021-03-28T10:37:07.000-04:00,312,Renewables,Wood,N
2021-03-28T10:52:47.000-04:00,6,Coal,Coal,N
2021-03-28T10:52:47.000-04:00,1588,Hydro,Hydro,N
2021-03-28T10:52:47.000-04:00,4727,Natural Gas,Natural Gas,Y
2021-03-28T10:52:47.000-04:00,3353,Nuclear,Nuclear,N
2021-03-28T10:52:47.000-04:00,3,Other,Other,N
2021-03-28T10:52:47.000-04:00,30,Renewables,Landfill Gas,N
2021-03-28T10:52:47.000-04:00,333,Renewables,Refuse,N
2021-03-28T10:52:47.000-04:00,20,Renewables,Solar,N
2021-03-28T10:52:47.000-04:00,572,Renewables,Wind,Y
2021-03-28T10:52:47.000-04:00,312,Renewables,Wood,N
2021-03-28T11:04:27.000-04:00,4,Coal,Coal,N
2021-03-28T11:04:27.000-04:00,1575,Hydro,Hydro,N
2021-03-28T11:04:27.000-04:00,4793,Natural Gas,Natural Gas,Y
2021-03-28T11:04:27.000-04:00,3355,Nuclear,Nuclear,N
2021-03-28T11:04:27.000-04:00,3,Other,Other,N
2021-03-28T11:04:27.000-04:00,30,Renewables,Landfill Gas,N
2021-03-28T11:04:27.000-04:00,330,Renewables,Refuse,N
2021-03-28T11:04:27.000-04:00,20,Renewables,Solar,N
2021-03-28T11:04:27.000-04:00,586,Renewables,Wind,Y
2021-03-28T11:04:27.000-04:00,313,Renewables,Wood,N
2021-03-28T11:15:55.000-04:00,2,Coal,Coal,N
2021-03-28T11:15:55.000-04:00,1595,Hydro,Hydro,N
2021-03-28T11:15:55.000-04:00,4715,Natural Gas,Natural Gas,Y
2021-03-28T11:15:55.000-04:00,3355,Nuclear,Nuclear,N
2021-03-28T11:15:55.000-04:00,23,Other,Other,N
2021-03-28T11:15:55.000-04:00,30,Renewables,Landfill Gas,N
2021-03-28T11:15:55.000-04:00,340,Renewables,Refuse,N
2021-03-28T11:15:55.000-04:00,22,Renewables,Solar,N
2021-03-28T11:15:55.000-04:00,595,Renewables,Wind,Y
2021-03-28T11:15:55.000-04:00,313,Renewables,Wood,N
2021-03-28T11:36:24.000-04:00,4,Coal,Coal,N
2021-03-28T11:36:24.000-04:00,1430,Hydro,Hydro,N
2021-03-28T11:36:24.000-04:00,4851,Natural Gas,Natural Gas,Y
2021-03-28T11:36:24.000-04:00,3355,Nuclear,Nuclear,N
2021-03-28T11:36:24.000-04:00,31,Renewables,Landfill Gas,N
2021-03-28T11:36:24.000-04:00,338,Renewables,Refuse,N
2021-03-28T11:36:24.000-04:00,19,Renewables,Solar,N
2021-03-28T11:36:24.000-04:00,622,Renewables,Wind,Y
2021-03-28T11:36:24.000-04:00,312,Renewables,Wood,N
2021-03-28T11:50:18.000-04:00,5,Coal,Coal,N
2021-03-28T11:50:18.000-04:00,1607,Hydro,Hydro,N
2021-03-28T11:50:18.000-04:00,4665,Natural Gas,Natural Gas,Y
2021-03-28T11:50:18.000-04:00,3355,Nuclear,Nuclear,N
2021-03-28T11:50:18.000-04:00,0,Other,Other,N
2021-03-28T11:50:18.000-04:00,31,Renewables,Landfill Gas,N
2021-03-28T11:50:18.000-04:00,333,Renewables,Refuse,N
2021-03-28T11:50:18.000-04:00,17,Renewables,Solar,N
2021-03-28T11:50:18.000-04:00,629,Renewables,Wind,Y
2021-03-28T11:50:18.000-04:00,311,Renewables,Wood,N
2021-03-28T11:57:04.000-04:00,4,Coal,Coal,N
2021-03-28T11:57:04.000-04:00,1583,Hydro,Hydro,N
2021-03-28T11:57:04.000-04:00,4726,Natural Gas,Natural Gas,Y
2021-03-28T11:57:04.000-04:00,3355,Nuclear,Nuclear,N
2021-03-28T11:57:04.000-04:00,31,Renewables,Landfill Gas,N
2021-03-28T11:57:04.000-04:00,336,Renewables,Refuse,N
2021-03-28T11:57:04.000-04:00,18,Renewables,Solar,N
2021-03-28T11:57:04.000-04:00,642,Renewables,Wind,Y
2021-03-28T11:57:04.000-04:00,312,Renewables,Wood,N
2021-03-28T12:02:39.000-04:00,9,Coal,Coal,N
2021-03-28T12:02:39.000-04:00,1637,Hydro,Hydro,N
2021-03-28T12:02:39.000-04:00,4752,Natural Gas,Natural Gas,Y
2021-03-28T12:02:39.000-04:00,3353,Nuclear,Nuclear,N
2021-03-28T12:02:39.000-04:00,2,Other,Other,N
2021-03-28T12:02:39.000-04:00,31,Renewables,Landfill Gas,N
2021-03-28T12:02:39.000-04:00,337,Renewables,Refuse,N
2021-03-28T12:02:39.000-04:00,16,Renewables,Solar,N
2021-03-28T12:02:39.000-04:00,638,Renewables,Wind,Y
2021-03-28T12:02:39.000-04:00,314,Renewables,Wood,N
2021-03-28T12:08:34.000-04:00,3,Coal,Coal,N
2021-03-28T12:08:34.000-04:00,1635,Hydro,Hydro,N
2021-03-28T12:08:34.000-04:00,4769,Natural Gas,Natural Gas,Y
2021-03-28T12:08:34.000-04:00,3354,Nuclear,Nuclear,N
2021-03-28T12:08:34.000-04:00,8,Other,Other,N
2021-03-28T12:08:34.000-04:00,31,Renewables,Landfill Gas,N
2021-03-28T12:08:34.000-04:00,336,Renewables,Refuse,N
2021-03-28T12:08:34.000-04:00,15,Renewables,Solar,N
2021-03-28T12:08:34.000-04:00,637,Renewables,Wind,Y
2021-03-28T12:08:34.000-04:00,312,Renewables,Wood,N
2021-03-28T12:11:38.000-04:00,2,Coal,Coal,N
2021-03-28T12:11:38.000-04:00,1641,Hydro,Hydro,N
2021-03-28T12:11:38.000-04:00,4807,Natural Gas,Natural Gas,Y
2021-03-28T12:11:38.000-04:00,3353,Nuclear,Nuclear,N
2021-03-28T12:11:38.000-04:00,10,Other,Other,N
2021-03-28T12:11:38.000-04:00,31,Renewables,Landfill Gas,N
2021-03-28T12:11:38.000-04:00,334,Renewables,Refuse,N
2021-03-28T12:11:38.000-04:00,17,Renewables,Solar,N
2021-03-28T12:11:38.000-04:00,632,Renewables,Wind,Y
2021-03-28T12:11:38.000-04:00,314,Renewables,Wood,N
2021-03-28T12:20:40.000-04:00,3,Coal,Coal,N
2021-03-28T12:20:40.000-04:00,1602,Hydro,Hydro,N
2021-03-28T12:20:40.000-04:00,4870,Natural Gas,Natural Gas,Y
2021-03-28T12:20:40.000-04:00,3355,Nuclear,Nuclear,N
2021-03-28T12:20:40.000-04:00,31,Renewables,Landfill Gas,N
2021-03-28T12:20:40.000-04:00,334,Renewables,Refuse,N
2021-03-28T12:20:40.000-04:00,16,Renewables,Solar,N
2021-03-28T12:20:40.000-04:00,647,Renewables,Wind,Y
2021-03-28T12:20:40.000-04:00,312,Renewables,Wood,N
2021-03-28T12:36:08.000-04:00,4,Coal,Coal,N
2021-03-28T12:36:08.000-04:00,1608,Hydro,Hydro,N
2021-03-28T12:36:08.000-04:00,4892,Natural Gas,Natural Gas,Y
2021-03-28T12:36:08.000-04:00,3354,Nuclear,Nuclear,N
2021-03-28T12:36:08.000-04:00,31,Renewables,Landfill Gas,N
2021-03-28T12:36:08.000-04:00,332,Renewables,Refuse,N
2021-03-28T12:36:08.000-04:00,16,Renewables,Solar,N
2021-03-28T12:36:08.000-04:00,694,Renewables,Wind,Y
2021-03-28T12:36:08.000-04:00,309,Renewables,Wood,N
2021-03-28T12:51:02.000-04:00,3,Coal,Coal,N
2021-03-28T12:51:02.000-04:00,1564,Hydro,Hydro,N
2021-03-28T12:51:02.000-04:00,4927,Natural Gas,Natural Gas,Y
2021-03-28T12:51:02.000-04:00,3354,Nuclear,Nuclear,N
2021-03-28T12:51:02.000-04:00,31,Renewables,Landfill Gas,N
2021-03-28T12:51:02.000-04:00,329,Renewables,Refuse,N
2021-03-28T12:51:02.000-04:00,16,Renewables,Solar,N
2021-03-28T12:51:02.000-04:00,744,Renewables,Wind,Y
2021-03-28T12:51:02.000-04:00,314,Renewables,Wood,N
2021-03-28T13:00:47.000-04:00,4,Coal,Coal,N
2021-03-28T13:00:47.000-04:00,1601,Hydro,Hydro,N
2021-03-28T13:00:47.000-04:00,4871,Natural Gas,Natural Gas,Y
2021-03-28T13:00:47.000-04:00,3357,Nuclear,Nuclear,N
2021-03-28T13:00:47.000-04:00,12,Renewables,Landfill Gas,N
2021-03-28T13:00:47.000-04:00,332,Renewables,Refuse,N
2021-03-28T13:00:47.000-04:00,16,Renewables,Solar,N
2021-03-28T13:00:47.000-04:00,749,Renewables,Wind,Y
2021-03-28T13:00:47.000-04:00,312,Renewables,Wood,N
2021-03-28T13:07:00.000-04:00,5,Coal,Coal,N
2021-03-28T13:07:00.000-04:00,1561,Hydro,Hydro,Y
2021-03-28T13:07:00.000-04:00,4872,Natural Gas,Natural Gas,Y
2021-03-28T13:07:00.000-04:00,3350,Nuclear,Nuclear,N
2021-03-28T13:07:00.000-04:00,0,Other,Other,N
2021-03-28T13:07:00.000-04:00,16,Renewables,Landfill Gas,N
2021-03-28T13:07:00.000-04:00,331,Renewables,Refuse,N
2021-03-28T13:07:00.000-04:00,19,Renewables,Solar,N
2021-03-28T13:07:00.000-04:00,775,Renewables,Wind,Y
2021-03-28T13:07:00.000-04:00,311,Renewables,Wood,N
2021-03-28T13:19:47.000-04:00,3,Coal,Coal,N
2021-03-28T13:19:47.000-04:00,1549,Hydro,Hydro,Y
2021-03-28T13:19:47.000-04:00,4852,Natural Gas,Natural Gas,N
2021-03-28T13:19:47.000-04:00,3345,Nuclear,Nuclear,N
2021-03-28T13:19:47.000-04:00,8,Renewables,Landfill Gas,N
2021-03-28T13:19:47.000-04:00,331,Renewables,Refuse,N
2021-03-28T13:19:47.000-04:00,18,Renewables,Solar,N
2021-03-28T13:19:47.000-04:00,790,Renewables,Wind,Y
2021-03-28T13:19:47.000-04:00,295,Renewables,Wood,N
2021-03-28T13:29:07.000-04:00,7,Coal,Coal,N
2021-03-28T13:29:07.000-04:00,1560,Hydro,Hydro,N
2021-03-28T13:29:07.000-04:00,4952,Natural Gas,Natural Gas,Y
2021-03-28T13:29:07.000-04:00,3348,Nuclear,Nuclear,N
2021-03-28T13:29:07.000-04:00,5,Other,Other,N
2021-03-28T13:29:07.000-04:00,8,Renewables,Landfill Gas,N
2021-03-28T13:29:07.000-04:00,334,Renewables,Refuse,N
2021-03-28T13:29:07.000-04:00,14,Renewables,Solar,N
2021-03-28T13:29:07.000-04:00,816,Renewables,Wind,Y
2021-03-28T13:29:07.000-04:00,299,Renewables,Wood,N
2021-03-28T13:30:19.000-04:00,6,Coal,Coal,N
2021-03-28T13:30:19.000-04:00,1553,Hydro,Hydro,N
2021-03-28T13:30:19.000-04:00,4981,Natural Gas,Natural Gas,Y
2021-03-28T13:30:19.000-04:00,3347,Nuclear,Nuclear,N
2021-03-28T13:30:19.000-04:00,8,Renewables,Landfill Gas,N
2021-03-28T13:30:19.000-04:00,333,Renewables,Refuse,N
2021-03-28T13:30:19.000-04:00,14,Renewables,Solar,N
2021-03-28T13:30:19.000-04:00,816,Renewables,Wind,Y
2021-03-28T13:30:19.000-04:00,298,Renewables,Wood,N
2021-03-28T13:38:27.000-04:00,2,Coal,Coal,N
2021-03-28T13:38:27.000-04:00,1594,Hydro,Hydro,N
2021-03-28T13:38:27.000-04:00,4813,Natural Gas,Natural Gas,Y
2021-03-28T13:38:27.000-04:00,3343,Nuclear,Nuclear,N
2021-03-28T13:38:27.000-04:00,17,Other,Other,N
2021-03-28T13:38:27.000-04:00,12,Renewables,Landfill Gas,N
2021-03-28T13:38:27.000-04:00,330,Renewables,Refuse,N
2021-03-28T13:38:27.000-04:00,16,Renewables,Solar,N
2021-03-28T13:38:27.000-04:00,821,Renewables,Wind,Y
2021-03-28T13:38:27.000-04:00,297,Renewables,Wood,N
2021-03-28T13:39:28.000-04:00,6,Coal,Coal,N
2021-03-28T13:39:28.000-04:00,1597,Hydro,Hydro,N
2021-03-28T13:39:28.000-04:00,4801,Natural Gas,Natural Gas,Y
2021-03-28T13:39:28.000-04:00,3345,Nuclear,Nuclear,N
2021-03-28T13:39:28.000-04:00,12,Other,Other,N
2021-03-28T13:39:28.000-04:00,13,Renewables,Landfill Gas,N
2021-03-28T13:39:28.000-04:00,330,Renewables,Refuse,N
2021-03-28T13:39:28.000-04:00,16,Renewables,Solar,N
2021-03-28T13:39:28.000-04:00,831,Renewables,Wind,Y
2021-03-28T13:39:28.000-04:00,297,Renewables,Wood,N
2021-03-28T13:42:40.000-04:00,4,Coal,Coal,N
2021-03-28T13:42:40.000-04:00,1597,Hydro,Hydro,N
2021-03-28T13:42:40.000-04:00,4814,Natural Gas,Natural Gas,Y
2021-03-28T13:42:40.000-04:00,3343,Nuclear,Nuclear,N
2021-03-28T13:42:40.000-04:00,3,Other,Other,N
2021-03-28T13:42:40.000-04:00,17,Renewables,Landfill Gas,N
2021-03-28T13:42:40.000-04:00,337,Renewables,Refuse,N
2021-03-28T13:42:40.000-04:00,17,Renewables,Solar,N
2021-03-28T13:42:40.000-04:00,844,Renewables,Wind,Y
2021-03-28T13:42:40.000-04:00,299,Renewables,Wood,N
2021-03-28T13:57:01.000-04:00,6,Coal,Coal,N
2021-03-28T13:57:01.000-04:00,1518,Hydro,Hydro,Y
2021-03-28T13:57:01.000-04:00,4904,Natural Gas,Natural Gas,Y
2021-03-28T13:57:01.000-04:00,3352,Nuclear,Nuclear,N
2021-03-28T13:57:01.000-04:00,3,Other,Other,N
2021-03-28T13:57:01.000-04:00,28,Renewables,Landfill Gas,N
2021-03-28T13:57:01.000-04:00,330,Renewables,Refuse,N
2021-03-28T13:57:01.000-04:00,15,Renewables,Solar,N
2021-03-28T13:57:01.000-04:00,864,Renewables,Wind,Y
2021-03-28T13:57:01.000-04:00,297,Renewables,Wood,N
2021-03-28T14:16:10.000-04:00,5,Coal,Coal,N
2021-03-28T14:16:10.000-04:00,1560,Hydro,Hydro,Y
2021-03-28T14:16:10.000-04:00,4793,Natural Gas,Natural Gas,Y
2021-03-28T14:16:10.000-04:00,3355,Nuclear,Nuclear,N
2021-03-28T14:16:10.000-04:00,3,Other,Other,N
2021-03-28T14:16:10.000-04:00,29,Renewables,Landfill Gas,N
2021-03-28T14:16:10.000-04:00,328,Renewables,Refuse,N
2021-03-28T14:16:10.000-04:00,13,Renewables,Solar,N
2021-03-28T14:16:10.000-04:00,912,Renewables,Wind,Y
2021-03-28T14:16:10.000-04:00,296,Renewables,Wood,N
2021-03-28T14:23:57.000-04:00,3,Coal,Coal,N
2021-03-28T14:23:57.000-04:00,1548,Hydro,Hydro,Y
2021-03-28T14:23:57.000-04:00,4703,Natural Gas,Natural Gas,Y
2021-03-28T14:23:57.000-04:00,3354,Nuclear,Nuclear,N
2021-03-28T14:23:57.000-04:00,3,Other,Other,N
2021-03-28T14:23:57.000-04:00,29,Renewables,Landfill Gas,N
2021-03-28T14:23:57.000-04:00,329,Renewables,Refuse,N
2021-03-28T14:23:57.000-04:00,12,Renewables,Solar,N
2021-03-28T14:23:57.000-04:00,914,Renewables,Wind,Y
2021-03-28T14:23:57.000-04:00,300,Renewables,Wood,N
2021-03-28T14:40:18.000-04:00,4,Coal,Coal,N
2021-03-28T14:40:18.000-04:00,1582,Hydro,Hydro,Y
2021-03-28T14:40:18.000-04:00,4578,Natural Gas,Natural Gas,Y
2021-03-28T14:40:18.000-04:00,3348,Nuclear,Nuclear,N
2021-03-28T14:40:18.000-04:00,6,Other,Other,N
2021-03-28T14:40:18.000-04:00,29,Renewables,Landfill Gas,N
2021-03-28T14:40:18.000-04:00,332,Renewables,Refuse,N
2021-03-28T14:40:18.000-04:00,13,Renewables,Solar,N
2021-03-28T14:40:18.000-04:00,913,Renewables,Wind,Y
2021-03-28T14:40:18.000-04:00,299,Renewables,Wood,N
2021-03-28T14:54:20.000-04:00,6,Coal,Coal,N
2021-03-28T14:54:20.000-04:00,1434,Hydro,Hydro,Y
2021-03-28T14:54:20.000-04:00,4784,Natural Gas,Natural Gas,Y
2021-03-28T14:54:20.000-04:00,3352,Nuclear,Nuclear,N
2021-03-28T14:54:20.000-04:00,29,Renewables,Landfill Gas,N
2021-03-28T14:54:20.000-04:00,327,Renewables,Refuse,N
2021-03-28T14:54:20.000-04:00,13,Renewables,Solar,N
2021-03-28T14:54:20.000-04:00,916,Renewables,Wind,Y
2021-03-28T14:54:20.000-04:00,296,Renewables,Wood,N
2021-03-28T14:57:38.000-04:00,6,Coal,Coal,N
2021-03-28T14:57:38.000-04:00,1434,Hydro,Hydro,Y
2021-03-28T14:57:38.000-04:00,4784,Natural Gas,Natural Gas,Y
2021-03-28T14:57:38.000-04:00,3352,Nuclear,Nuclear,N
2021-03-28T14:57:38.000-04:00,29,Renewables,Landfill Gas,N
2021-03-28T14:57:38.000-04:00,327,Renewables,Refuse,N
2021-03-28T14:57:38.000-04:00,13,Renewables,Solar,N
2021-03-28T14:57:38.000-04:00,916,Renewables,Wind,Y
2021-03-28T14:57:38.000-04:00,296,Renewables,Wood,N
2021-03-28T15:03:09.000-04:00,7,Coal,Coal,N
2021-03-28T15:03:09.000-04:00,1415,Hydro,Hydro,Y
2021-03-28T15:03:09.000-04:00,4568,Natural Gas,Natural Gas,Y
2021-03-28T15:03:09.000-04:00,3354,Nuclear,Nuclear,N
2021-03-28T15:03:09.000-04:00,3,Other,Other,N
2021-03-28T15:03:09.000-04:00,29,Renewables,Landfill Gas,N
2021-03-28T15:03:09.000-04:00,334,Renewables,Refuse,N
2021-03-28T15:03:09.000-04:00,13,Renewables,Solar,N
2021-03-28T15:03:09.000-04:00,919,Renewables,Wind,Y
2021-03-28T15:03:09.000-04:00,296,Renewables,Wood,N
2021-03-28T15:11:23.000-04:00,1446,Hydro,Hydro,Y
2021-03-28T15:11:23.000-04:00,4564,Natural Gas,Natural Gas,Y
2021-03-28T15:11:23.000-04:00,3357,Nuclear,Nuclear,N
2021-03-28T15:11:23.000-04:00,17,Other,Other,N
2021-03-28T15:11:23.000-04:00,29,Renewables,Landfill Gas,N
2021-03-28T15:11:23.000-04:00,330,Renewables,Refuse,N
2021-03-28T15:11:23.000-04:00,14,Renewables,Solar,N
2021-03-28T15:11:23.000-04:00,924,Renewables,Wind,Y
2021-03-28T15:11:23.000-04:00,302,Renewables,Wood,N
2021-03-28T15:21:26.000-04:00,2,Coal,Coal,N
2021-03-28T15:21:26.000-04:00,1617,Hydro,Hydro,Y
2021-03-28T15:21:26.000-04:00,4606,Natural Gas,Natural Gas,Y
2021-03-28T15:21:26.000-04:00,3352,Nuclear,Nuclear,N
2021-03-28T15:21:26.000-04:00,12,Other,Other,N
2021-03-28T15:21:26.000-04:00,29,Renewables,Landfill Gas,N
2021-03-28T15:21:26.000-04:00,330,Renewables,Refuse,N
2021-03-28T15:21:26.000-04:00,16,Renewables,Solar,N
2021-03-28T15:21:26.000-04:00,909,Renewables,Wind,Y
2021-03-28T15:21:26.000-04:00,303,Renewables,Wood,N
2021-03-28T15:40:50.000-04:00,1583,Hydro,Hydro,Y
2021-03-28T15:40:50.000-04:00,4693,Natural Gas,Natural Gas,Y
2021-03-28T15:40:50.000-04:00,3352,Nuclear,Nuclear,N
2021-03-28T15:40:50.000-04:00,29,Renewables,Landfill Gas,N
2021-03-28T15:40:50.000-04:00,319,Renewables,Refuse,N
2021-03-28T15:40:50.000-04:00,14,Renewables,Solar,N
2021-03-28T15:40:50.000-04:00,898,Renewables,Wind,Y
2021-03-28T15:40:50.000-04:00,302,Renewables,Wood,N
2021-03-28T15:46:45.000-04:00,1566,Hydro,Hydro,N
2021-03-28T15:46:45.000-04:00,4673,Natural Gas,Natural Gas,Y
2021-03-28T15:46:45.000-04:00,3355,Nuclear,Nuclear,N
2021-03-28T15:46:45.000-04:00,1,Other,Other,N
2021-03-28T15:46:45.000-04:00,29,Renewables,Landfill Gas,N
2021-03-28T15:46:45.000-04:00,319,Renewables,Refuse,N
2021-03-28T15:46:45.000-04:00,12,Renewables,Solar,N
2021-03-28T15:46:45.000-04:00,910,Renewables,Wind,Y
2021-03-28T15:46:45.000-04:00,305,Renewables,Wood,N
2021-03-28T15:55:58.000-04:00,1619,Hydro,Hydro,Y
2021-03-28T15:55:58.000-04:00,4646,Natural Gas,Natural Gas,N
2021-03-28T15:55:58.000-04:00,3355,Nuclear,Nuclear,N
2021-03-28T15:55:58.000-04:00,0,Other,Other,N
2021-03-28T15:55:58.000-04:00,29,Renewables,Landfill Gas,N
2021-03-28T15:55:58.000-04:00,315,Renewables,Refuse,N
2021-03-28T15:55:58.000-04:00,10,Renewables,Solar,N
2021-03-28T15:55:58.000-04:00,926,Renewables,Wind,Y
2021-03-28T15:55:58.000-04:00,306,Renewables,Wood,N
2021-03-28T15:57:03.000-04:00,1619,Hydro,Hydro,N
2021-03-28T15:57:03.000-04:00,4642,Natural Gas,Natural Gas,Y
2021-03-28T15:57:03.000-04:00,3355,Nuclear,Nuclear,N
2021-03-28T15:57:03.000-04:00,4,Other,Other,N
2021-03-28T15:57:03.000-04:00,29,Renewables,Landfill Gas,N
2021-03-28T15:57:03.000-04:00,316,Renewables,Refuse,N
2021-03-28T15:57:03.000-04:00,9,Renewables,Solar,N
2021-03-28T15:57:03.000-04:00,926,Renewables,Wind,Y
2021-03-28T15:57:03.000-04:00,305,Renewables,Wood,N
2021-03-28T16:15:08.000-04:00,1699,Hydro,Hydro,Y
2021-03-28T16:15:08.000-04:00,4660,Natural Gas,Natural Gas,Y
2021-03-28T16:15:08.000-04:00,3355,Nuclear,Nuclear,N
2021-03-28T16:15:08.000-04:00,0,Other,Other,N
2021-03-28T16:15:08.000-04:00,29,Renewables,Landfill Gas,N
2021-03-28T16:15:08.000-04:00,322,Renewables,Refuse,N
2021-03-28T16:15:08.000-04:00,9,Renewables,Solar,N
2021-03-28T16:15:08.000-04:00,898,Renewables,Wind,Y
2021-03-28T16:15:08.000-04:00,308,Renewables,Wood,N
2021-03-28T16:22:57.000-04:00,1609,Hydro,Hydro,Y
2021-03-28T16:22:57.000-04:00,4619,Natural Gas,Natural Gas,Y
2021-03-28T16:22:57.000-04:00,3354,Nuclear,Nuclear,N
2021-03-28T16:22:57.000-04:00,2,Other,Other,N
2021-03-28T16:22:57.000-04:00,29,Renewables,Landfill Gas,N
2021-03-28T16:22:57.000-04:00,320,Renewables,Refuse,N
2021-03-28T16:22:57.000-04:00,10,Renewables,Solar,N
2021-03-28T16:22:57.000-04:00,926,Renewables,Wind,Y
2021-03-28T16:22:57.000-04:00,310,Renewables,Wood,N
2021-03-28T16:28:38.000-04:00,1626,Hydro,Hydro,Y
2021-03-28T16:28:38.000-04:00,4661,Natural Gas,Natural Gas,Y
2021-03-28T16:28:38.000-04:00,3355,Nuclear,Nuclear,N
2021-03-28T16:28:38.000-04:00,3,Other,Other,N
2021-03-28T16:28:38.000-04:00,29,Renewables,Landfill Gas,N
2021-03-28T16:28:38.000-04:00,322,Renewables,Refuse,N
2021-03-28T16:28:38.000-04:00,10,Renewables,Solar,N
2021-03-28T16:28:38.000-04:00,944,Renewables,Wind,Y
2021-03-28T16:28:38.000-04:00,312,Renewables,Wood,N
2021-03-28T16:42:49.000-04:00,1634,Hydro,Hydro,Y
2021-03-28T16:42:49.000-04:00,4744,Natural Gas,Natural Gas,Y
2021-03-28T16:42:49.000-04:00,3355,Nuclear,Nuclear,N
2021-03-28T16:42:49.000-04:00,3,Other,Other,N
2021-03-28T16:42:49.000-04:00,29,Renewables,Landfill Gas,N
2021-03-28T16:42:49.000-04:00,325,Renewables,Refuse,N
2021-03-28T16:42:49.000-04:00,8,Renewables,Solar,N
2021-03-28T16:42:49.000-04:00,940,Renewables,Wind,Y
2021-03-28T16:42:49.000-04:00,313,Renewables,Wood,N
2021-03-28T16:52:58.000-04:00,1634,Hydro,Hydro,N
2021-03-28T16:52:58.000-04:00,4677,Natural Gas,Natural Gas,Y
2021-03-28T16:52:58.000-04:00,3354,Nuclear,Nuclear,N
2021-03-28T16:52:58.000-04:00,4,Other,Other,N
2021-03-28T16:52:58.000-04:00,29,Renewables,Landfill Gas,N
2021-03-28T16:52:58.000-04:00,324,Renewables,Refuse,N
2021-03-28T16:52:58.000-04:00,9,Renewables,Solar,N
2021-03-28T16:52:58.000-04:00,909,Renewables,Wind,Y
2021-03-28T16:52:58.000-04:00,309,Renewables,Wood,Y
2021-03-28T16:56:10.000-04:00,2,Coal,Coal,N
2021-03-28T16:56:10.000-04:00,1641,Hydro,Hydro,N
2021-03-28T16:56:10.000-04:00,4670,Natural Gas,Natural Gas,Y
2021-03-28T16:56:10.000-04:00,3353,Nuclear,Nuclear,N
2021-03-28T16:56:10.000-04:00,17,Other,Other,N
2021-03-28T16:56:10.000-04:00,29,Renewables,Landfill Gas,N
2021-03-28T16:56:10.000-04:00,321,Renewables,Refuse,N
2021-03-28T16:56:10.000-04:00,9,Renewables,Solar,N
2021-03-28T16:56:10.000-04:00,911,Renewables,Wind,Y
2021-03-28T16:56:10.000-04:00,313,Renewables,Wood,Y
2021-03-28T17:06:20.000-04:00,1805,Hydro,Hydro,N
2021-03-28T17:06:20.000-04:00,4698,Natural Gas,Natural Gas,Y
2021-03-28T17:06:20.000-04:00,3354,Nuclear,Nuclear,N
2021-03-28T17:06:20.000-04:00,3,Other,Other,N
2021-03-28T17:06:20.000-04:00,29,Renewables,Landfill Gas,N
2021-03-28T17:06:20.000-04:00,325,Renewables,Refuse,N
2021-03-28T17:06:20.000-04:00,6,Renewables,Solar,N
2021-03-28T17:06:20.000-04:00,927,Renewables,Wind,Y
2021-03-28T17:06:20.000-04:00,307,Renewables,Wood,N
2021-03-28T17:37:05.000-04:00,1938,Hydro,Hydro,N
2021-03-28T17:37:05.000-04:00,4645,Natural Gas,Natural Gas,Y
2021-03-28T17:37:05.000-04:00,3354,Nuclear,Nuclear,N
2021-03-28T17:37:05.000-04:00,4,Other,Other,N
2021-03-28T17:37:05.000-04:00,29,Renewables,Landfill Gas,N
2021-03-28T17:37:05.000-04:00,318,Renewables,Refuse,N
2021-03-28T17:37:05.000-04:00,3,Renewables,Solar,N
2021-03-28T17:37:05.000-04:00,875,Renewables,Wind,Y
2021-03-28T17:37:05.000-04:00,308,Renewables,Wood,N
2021-03-28T17:54:07.000-04:00,1761,Hydro,Hydro,N
2021-03-28T17:54:07.000-04:00,4788,Natural Gas,Natural Gas,Y
2021-03-28T17:54:07.000-04:00,3357,Nuclear,Nuclear,N
2021-03-28T17:54:07.000-04:00,24,Renewables,Landfill Gas,N
2021-03-28T17:54:07.000-04:00,320,Renewables,Refuse,N
2021-03-28T17:54:07.000-04:00,2,Renewables,Solar,N
2021-03-28T17:54:07.000-04:00,901,Renewables,Wind,Y
2021-03-28T17:54:07.000-04:00,306,Renewables,Wood,N
2021-03-28T18:01:44.000-04:00,1767,Hydro,Hydro,N
2021-03-28T18:01:44.000-04:00,4538,Natural Gas,Natural Gas,Y
2021-03-28T18:01:44.000-04:00,3354,Nuclear,Nuclear,N
2021-03-28T18:01:44.000-04:00,6,Other,Other,N
2021-03-28T18:01:44.000-04:00,27,Renewables,Landfill Gas,N
2021-03-28T18:01:44.000-04:00,324,Renewables,Refuse,N
2021-03-28T18:01:44.000-04:00,1,Renewables,Solar,N
2021-03-28T18:01:44.000-04:00,908,Renewables,Wind,Y
2021-03-28T18:01:44.000-04:00,307,Renewables,Wood,N
2021-03-28T18:08:05.000-04:00,1677,Hydro,Hydro,N
2021-03-28T18:08:05.000-04:00,4421,Natural Gas,Natural Gas,Y
2021-03-28T18:08:05.000-04:00,3355,Nuclear,Nuclear,N
2021-03-28T18:08:05.000-04:00,27,Renewables,Landfill Gas,N
2021-03-28T18:08:05.000-04:00,332,Renewables,Refuse,N
2021-03-28T18:08:05.000-04:00,1,Renewables,Solar,N
2021-03-28T18:08:05.000-04:00,877,Renewables,Wind,Y
2021-03-28T18:08:05.000-04:00,306,Renewables,Wood,N
2021-03-28T18:16:45.000-04:00,1611,Hydro,Hydro,N
2021-03-28T18:16:45.000-04:00,4572,Natural Gas,Natural Gas,Y
2021-03-28T18:16:45.000-04:00,3359,Nuclear,Nuclear,N
2021-03-28T18:16:45.000-04:00,2,Other,Other,N
2021-03-28T18:16:45.000-04:00,27,Renewables,Landfill Gas,N
2021-03-28T18:16:45.000-04:00,332,Renewables,Refuse,N
2021-03-28T18:16:45.000-04:00,1,Renewables,Solar,N
2021-03-28T18:16:45.000-04:00,875,Renewables,Wind,Y
2021-03-28T18:16:45.000-04:00,307,Renewables,Wood,N
2021-03-28T18:21:39.000-04:00,1570,Hydro,Hydro,N
2021-03-28T18:21:39.000-04:00,4595,Natural Gas,Natural Gas,Y
2021-03-28T18:21:39.000-04:00,3354,Nuclear,Nuclear,N
2021-03-28T18:21:39.000-04:00,4,Other,Other,N
2021-03-28T18:21:39.000-04:00,27,Renewables,Landfill Gas,N
2021-03-28T18:21:39.000-04:00,325,Renewables,Refuse,N
2021-03-28T18:21:39.000-04:00,1,Renewables,Solar,N
2021-03-28T18:21:39.000-04:00,878,Renewables,Wind,Y
2021-03-28T18:21:39.000-04:00,307,Renewables,Wood,N
2021-03-28T18:26:52.000-04:00,1576,Hydro,Hydro,N
2021-03-28T18:26:52.000-04:00,4558,Natural Gas,Natural Gas,Y
2021-03-28T18:26:52.000-04:00,3357,Nuclear,Nuclear,N
2021-03-28T18:26:52.000-04:00,8,Other,Other,N
2021-03-28T18:26:52.000-04:00,27,Renewables,Landfill Gas,N
2021-03-28T18:26:52.000-04:00,333,Renewables,Refuse,N
2021-03-28T18:26:52.000-04:00,1,Renewables,Solar,N
2021-03-28T18:26:52.000-04:00,873,Renewables,Wind,Y
2021-03-28T18:26:52.000-04:00,308,Renewables,Wood,N
2021-03-28T18:32:39.000-04:00,1567,Hydro,Hydro,N
2021-03-28T18:32:39.000-04:00,4575,Natural Gas,Natural Gas,Y
2021-03-28T18:32:39.000-04:00,3355,Nuclear,Nuclear,N
2021-03-28T18:32:39.000-04:00,27,Renewables,Landfill Gas,N
2021-03-28T18:32:39.000-04:00,324,Renewables,Refuse,N
2021-03-28T18:32:39.000-04:00,1,Renewables,Solar,N
2021-03-28T18:32:39.000-04:00,859,Renewables,Wind,Y
2021-03-28T18:32:39.000-04:00,308,Renewables,Wood,N
2021-03-28T18:42:09.000-04:00,1523,Hydro,Hydro,N
2021-03-28T18:42:09.000-04:00,4600,Natural Gas,Natural Gas,Y
2021-03-28T18:42:09.000-04:00,3353,Nuclear,Nuclear,N
2021-03-28T18:42:09.000-04:00,27,Renewables,Landfill Gas,N
2021-03-28T18:42:09.000-04:00,311,Renewables,Refuse,N
2021-03-28T18:42:09.000-04:00,1,Renewables,Solar,N
2021-03-28T18:42:09.000-04:00,827,Renewables,Wind,Y
2021-03-28T18:42:09.000-04:00,307,Renewables,Wood,N
2021-03-28T18:56:23.000-04:00,1550,Hydro,Hydro,N
2021-03-28T18:56:23.000-04:00,4607,Natural Gas,Natural Gas,Y
2021-03-28T18:56:23.000-04:00,3357,Nuclear,Nuclear,N
2021-03-28T18:56:23.000-04:00,3,Other,Other,N
2021-03-28T18:56:23.000-04:00,27,Renewables,Landfill Gas,N
2021-03-28T18:56:23.000-04:00,316,Renewables,Refuse,N
2021-03-28T18:56:23.000-04:00,0,Renewables,Solar,N
2021-03-28T18:56:23.000-04:00,813,Renewables,Wind,Y
2021-03-28T18:56:23.000-04:00,309,Renewables,Wood,N
2021-03-28T19:04:15.000-04:00,1559,Hydro,Hydro,N
2021-03-28T19:04:15.000-04:00,4512,Natural Gas,Natural Gas,Y
2021-03-28T19:04:15.000-04:00,3354,Nuclear,Nuclear,N
2021-03-28T19:04:15.000-04:00,18,Other,Other,N
2021-03-28T19:04:15.000-04:00,27,Renewables,Landfill Gas,N
2021-03-28T19:04:15.000-04:00,316,Renewables,Refuse,N
2021-03-28T19:04:15.000-04:00,0,Renewables,Solar,N
2021-03-28T19:04:15.000-04:00,813,Renewables,Wind,Y
2021-03-28T19:04:15.000-04:00,311,Renewables,Wood,N
2021-03-28T19:08:19.000-04:00,1564,Hydro,Hydro,N
2021-03-28T19:08:19.000-04:00,4547,Natural Gas,Natural Gas,Y
2021-03-28T19:08:19.000-04:00,3355,Nuclear,Nuclear,N
2021-03-28T19:08:19.000-04:00,3,Other,Other,N
2021-03-28T19:08:19.000-04:00,27,Renewables,Landfill Gas,N
2021-03-28T19:08:19.000-04:00,315,Renewables,Refuse,N
2021-03-28T19:08:19.000-04:00,803,Renewables,Wind,Y
2021-03-28T19:08:19.000-04:00,308,Renewables,Wood,N
2021-03-28T19:13:00.000-04:00,1355,Hydro,Hydro,N
2021-03-28T19:13:00.000-04:00,4526,Natural Gas,Natural Gas,Y
2021-03-28T19:13:00.000-04:00,3355,Nuclear,Nuclear,N
2021-03-28T19:13:00.000-04:00,17,Other,Other,N
2021-03-28T19:13:00.000-04:00,27,Renewables,Landfill Gas,N
2021-03-28T19:13:00.000-04:00,315,Renewables,Refuse,N
2021-03-28T19:13:00.000-04:00,785,Renewables,Wind,Y
2021-03-28T19:13:00.000-04:00,310,Renewables,Wood,N
2021-03-28T19:19:45.000-04:00,1458,Hydro,Hydro,N
2021-03-28T19:19:45.000-04:00,4499,Natural Gas,Natural Gas,Y
2021-03-28T19:19:45.000-04:00,3354,Nuclear,Nuclear,N
2021-03-28T19:19:45.000-04:00,5,Other,Other,N
2021-03-28T19:19:45.000-04:00,27,Renewables,Landfill Gas,N
2021-03-28T19:19:45.000-04:00,319,Renewables,Refuse,N
2021-03-28T19:19:45.000-04:00,769,Renewables,Wind,Y
2021-03-28T19:19:45.000-04:00,306,Renewables,Wood,N
2021-03-28T19:23:44.000-04:00,1593,Hydro,Hydro,N
2021-03-28T19:23:44.000-04:00,4490,Natural Gas,Natural Gas,Y
2021-03-28T19:23:44.000-04:00,3355,Nuclear,Nuclear,N
2021-03-28T19:23:44.000-04:00,3,Other,Other,N
2021-03-28T19:23:44.000-04:00,27,Renewables,Landfill Gas,N
2021-03-28T19:23:44.000-04:00,315,Renewables,Refuse,N
2021-03-28T19:23:44.000-04:00,735,Renewables,Wind,Y
2021-03-28T19:23:44.000-04:00,306,Renewables,Wood,N
2021-03-28T19:30:37.000-04:00,1504,Hydro,Hydro,N
2021-03-28T19:30:37.000-04:00,4565,Natural Gas,Natural Gas,Y
2021-03-28T19:30:37.000-04:00,3357,Nuclear,Nuclear,N
2021-03-28T19:30:37.000-04:00,14,Other,Other,N
2021-03-28T19:30:37.000-04:00,27,Renewables,Landfill Gas,N
2021-03-28T19:30:37.000-04:00,313,Renewables,Refuse,N
2021-03-28T19:30:37.000-04:00,720,Renewables,Wind,Y
2021-03-28T19:30:37.000-04:00,307,Renewables,Wood,N
2021-03-28T19:41:23.000-04:00,1591,Hydro,Hydro,N
2021-03-28T19:41:23.000-04:00,4527,Natural Gas,Natural Gas,Y
2021-03-28T19:41:23.000-04:00,3352,Nuclear,Nuclear,N
2021-03-28T19:41:23.000-04:00,10,Other,Other,N
2021-03-28T19:41:23.000-04:00,27,Renewables,Landfill Gas,N
2021-03-28T19:41:23.000-04:00,309,Renewables,Refuse,N
2021-03-28T19:41:23.000-04:00,743,Renewables,Wind,Y
2021-03-28T19:41:23.000-04:00,306,Renewables,Wood,N
2021-03-28T19:46:21.000-04:00,1486,Hydro,Hydro,N
2021-03-28T19:46:21.000-04:00,4513,Natural Gas,Natural Gas,Y
2021-03-28T19:46:21.000-04:00,3355,Nuclear,Nuclear,N
2021-03-28T19:46:21.000-04:00,18,Other,Other,N
2021-03-28T19:46:21.000-04:00,27,Renewables,Landfill Gas,N
2021-03-28T19:46:21.000-04:00,305,Renewables,Refuse,N
2021-03-28T19:46:21.000-04:00,740,Renewables,Wind,Y
2021-03-28T19:46:21.000-04:00,306,Renewables,Wood,N
2021-03-28T19:54:35.000-04:00,1510,Hydro,Hydro,N
2021-03-28T19:54:35.000-04:00,4426,Natural Gas,Natural Gas,Y
2021-03-28T19:54:35.000-04:00,3353,Nuclear,Nuclear,N
2021-03-28T19:54:35.000-04:00,3,Other,Other,N
2021-03-28T19:54:35.000-04:00,27,Renewables,Landfill Gas,N
2021-03-28T19:54:35.000-04:00,303,Renewables,Refuse,N
2021-03-28T19:54:35.000-04:00,710,Renewables,Wind,Y
2021-03-28T19:54:35.000-04:00,309,Renewables,Wood,N
2021-03-28T20:00:43.000-04:00,1453,Hydro,Hydro,N
2021-03-28T20:00:43.000-04:00,4419,Natural Gas,Natural Gas,Y
2021-03-28T20:00:43.000-04:00,3353,Nuclear,Nuclear,N
2021-03-28T20:00:43.000-04:00,13,Other,Other,N
2021-03-28T20:00:43.000-04:00,27,Renewables,Landfill Gas,N
2021-03-28T20:00:43.000-04:00,308,Renewables,Refuse,N
2021-03-28T20:00:43.000-04:00,709,Renewables,Wind,Y
2021-03-28T20:00:43.000-04:00,311,Renewables,Wood,N
2021-03-28T20:08:49.000-04:00,1513,Hydro,Hydro,N
2021-03-28T20:08:49.000-04:00,4294,Natural Gas,Natural Gas,Y
2021-03-28T20:08:49.000-04:00,3353,Nuclear,Nuclear,N
2021-03-28T20:08:49.000-04:00,11,Other,Other,N
2021-03-28T20:08:49.000-04:00,27,Renewables,Landfill Gas,N
2021-03-28T20:08:49.000-04:00,302,Renewables,Refuse,N
2021-03-28T20:08:49.000-04:00,694,Renewables,Wind,Y
2021-03-28T20:08:49.000-04:00,311,Renewables,Wood,N
2021-03-28T20:12:58.000-04:00,1438,Hydro,Hydro,N
2021-03-28T20:12:58.000-04:00,4343,Natural Gas,Natural Gas,Y
2021-03-28T20:12:58.000-04:00,3353,Nuclear,Nuclear,N
2021-03-28T20:12:58.000-04:00,20,Other,Other,N
2021-03-28T20:12:58.000-04:00,27,Renewables,Landfill Gas,N
2021-03-28T20:12:58.000-04:00,303,Renewables,Refuse,N
2021-03-28T20:12:58.000-04:00,674,Renewables,Wind,Y
2021-03-28T20:12:58.000-04:00,311,Renewables,Wood,N
2021-03-28T20:21:53.000-04:00,1430,Hydro,Hydro,N
2021-03-28T20:21:53.000-04:00,4419,Natural Gas,Natural Gas,Y
2021-03-28T20:21:53.000-04:00,3353,Nuclear,Nuclear,N
2021-03-28T20:21:53.000-04:00,27,Renewables,Landfill Gas,N
2021-03-28T20:21:53.000-04:00,298,Renewables,Refuse,N
2021-03-28T20:21:53.000-04:00,667,Renewables,Wind,Y
2021-03-28T20:21:53.000-04:00,310,Renewables,Wood,N
2021-03-28T20:25:34.000-04:00,2,Coal,Coal,N
2021-03-28T20:25:34.000-04:00,1305,Hydro,Hydro,N
2021-03-28T20:25:34.000-04:00,4438,Natural Gas,Natural Gas,Y
2021-03-28T20:25:34.000-04:00,3357,Nuclear,Nuclear,N
2021-03-28T20:25:34.000-04:00,13,Other,Other,N
2021-03-28T20:25:34.000-04:00,27,Renewables,Landfill Gas,N
2021-03-28T20:25:34.000-04:00,297,Renewables,Refuse,N
2021-03-28T20:25:34.000-04:00,648,Renewables,Wind,Y
2021-03-28T20:25:34.000-04:00,309,Renewables,Wood,N
2021-03-28T20:31:23.000-04:00,1,Coal,Coal,N
2021-03-28T20:31:23.000-04:00,1305,Hydro,Hydro,N
2021-03-28T20:31:23.000-04:00,4427,Natural Gas,Natural Gas,Y
2021-03-28T20:31:23.000-04:00,3354,Nuclear,Nuclear,N
2021-03-28T20:31:23.000-04:00,2,Other,Other,N
2021-03-28T20:31:23.000-04:00,27,Renewables,Landfill Gas,N
2021-03-28T20:31:23.000-04:00,298,Renewables,Refuse,N
2021-03-28T20:31:23.000-04:00,627,Renewables,Wind,Y
2021-03-28T20:31:23.000-04:00,309,Renewables,Wood,N
2021-03-28T20:33:01.000-04:00,1299,Hydro,Hydro,N
2021-03-28T20:33:01.000-04:00,4416,Natural Gas,Natural Gas,Y
2021-03-28T20:33:01.000-04:00,3353,Nuclear,Nuclear,N
2021-03-28T20:33:01.000-04:00,27,Renewables,Landfill Gas,N
2021-03-28T20:33:01.000-04:00,302,Renewables,Refuse,N
2021-03-28T20:33:01.000-04:00,621,Renewables,Wind,Y
2021-03-28T20:33:01.000-04:00,308,Renewables,Wood,N
2021-03-28T20:37:22.000-04:00,1176,Hydro,Hydro,N
2021-03-28T20:37:22.000-04:00,4361,Natural Gas,Natural Gas,Y
2021-03-28T20:37:22.000-04:00,3352,Nuclear,Nuclear,N
2021-03-28T20:37:22.000-04:00,15,Other,Other,N
2021-03-28T20:37:22.000-04:00,27,Renewables,Landfill Gas,N
2021-03-28T20:37:22.000-04:00,302,Renewables,Refuse,N
2021-03-28T20:37:22.000-04:00,603,Renewables,Wind,Y
2021-03-28T20:37:22.000-04:00,309,Renewables,Wood,N
2021-03-28T20:40:25.000-04:00,3,Coal,Coal,N
2021-03-28T20:40:25.000-04:00,1173,Hydro,Hydro,N
2021-03-28T20:40:25.000-04:00,4380,Natural Gas,Natural Gas,Y
2021-03-28T20:40:25.000-04:00,3355,Nuclear,Nuclear,N
2021-03-28T20:40:25.000-04:00,10,Other,Other,N
2021-03-28T20:40:25.000-04:00,27,Renewables,Landfill Gas,N
2021-03-28T20:40:25.000-04:00,302,Renewables,Refuse,N
2021-03-28T20:40:25.000-04:00,604,Renewables,Wind,Y
2021-03-28T20:40:25.000-04:00,307,Renewables,Wood,N
2021-03-28T20:46:14.000-04:00,1173,Hydro,Hydro,N
2021-03-28T20:46:14.000-04:00,4382,Natural Gas,Natural Gas,Y
2021-03-28T20:46:14.000-04:00,3355,Nuclear,Nuclear,N
2021-03-28T20:46:14.000-04:00,0,Other,Other,N
2021-03-28T20:46:14.000-04:00,27,Renewables,Landfill Gas,N
2021-03-28T20:46:14.000-04:00,307,Renewables,Refuse,N
2021-03-28T20:46:14.000-04:00,581,Renewables,Wind,Y
2021-03-28T20:46:14.000-04:00,311,Renewables,Wood,N
2021-03-28T21:08:08.000-04:00,1131,Hydro,Hydro,N
2021-03-28T21:08:08.000-04:00,4318,Natural Gas,Natural Gas,Y
2021-03-28T21:08:08.000-04:00,3353,Nuclear,Nuclear,N
2021-03-28T21:08:08.000-04:00,5,Other,Other,N
2021-03-28T21:08:08.000-04:00,27,Renewables,Landfill Gas,N
2021-03-28T21:08:08.000-04:00,300,Renewables,Refuse,N
2021-03-28T21:08:08.000-04:00,450,Renewables,Wind,Y
2021-03-28T21:08:08.000-04:00,242,Renewables,Wood,N
2021-03-28T21:11:20.000-04:00,1130,Hydro,Hydro,N
2021-03-28T21:11:20.000-04:00,4319,Natural Gas,Natural Gas,Y
2021-03-28T21:11:20.000-04:00,3353,Nuclear,Nuclear,N
2021-03-28T21:11:20.000-04:00,27,Renewables,Landfill Gas,N
2021-03-28T21:11:20.000-04:00,301,Renewables,Refuse,N
2021-03-28T21:11:20.000-04:00,446,Renewables,Wind,Y
2021-03-28T21:11:20.000-04:00,242,Renewables,Wood,N
2021-03-28T21:14:08.000-04:00,1068,Hydro,Hydro,N
2021-03-28T21:14:08.000-04:00,4241,Natural Gas,Natural Gas,Y
2021-03-28T21:14:08.000-04:00,3355,Nuclear,Nuclear,N
2021-03-28T21:14:08.000-04:00,17,Other,Other,N
2021-03-28T21:14:08.000-04:00,27,Renewables,Landfill Gas,N
2021-03-28T21:14:08.000-04:00,304,Renewables,Refuse,N
2021-03-28T21:14:08.000-04:00,427,Renewables,Wind,Y
2021-03-28T21:14:08.000-04:00,241,Renewables,Wood,N
2021-03-28T21:17:06.000-04:00,1063,Hydro,Hydro,N
2021-03-28T21:17:06.000-04:00,4271,Natural Gas,Natural Gas,Y
2021-03-28T21:17:06.000-04:00,3353,Nuclear,Nuclear,N
2021-03-28T21:17:06.000-04:00,27,Renewables,Landfill Gas,N
2021-03-28T21:17:06.000-04:00,305,Renewables,Refuse,N
2021-03-28T21:17:06.000-04:00,427,Renewables,Wind,Y
2021-03-28T21:17:06.000-04:00,241,Renewables,Wood,N
2021-03-28T21:26:58.000-04:00,1068,Hydro,Hydro,N
2021-03-28T21:26:58.000-04:00,4179,Natural Gas,Natural Gas,Y
2021-03-28T21:26:58.000-04:00,3357,Nuclear,Nuclear,N
2021-03-28T21:26:58.000-04:00,27,Renewables,Landfill Gas,N
2021-03-28T21:26:58.000-04:00,302,Renewables,Refuse,N
2021-03-28T21:26:58.000-04:00,428,Renewables,Wind,Y
2021-03-28T21:26:58.000-04:00,242,Renewables,Wood,N
2021-03-28T21:32:53.000-04:00,1065,Hydro,Hydro,N
2021-03-28T21:32:53.000-04:00,3929,Natural Gas,Natural Gas,Y
2021-03-28T21:32:53.000-04:00,3359,Nuclear,Nuclear,N
2021-03-28T21:32:53.000-04:00,14,Other,Other,N
2021-03-28T21:32:53.000-04:00,27,Renewables,Landfill Gas,N
2021-03-28T21:32:53.000-04:00,304,Renewables,Refuse,N
2021-03-28T21:32:53.000-04:00,392,Renewables,Wind,Y
2021-03-28T21:32:53.000-04:00,240,Renewables,Wood,N
2021-03-28T21:36:42.000-04:00,3,Coal,Coal,N
2021-03-28T21:36:42.000-04:00,1066,Hydro,Hydro,N
2021-03-28T21:36:42.000-04:00,3868,Natural Gas,Natural Gas,Y
2021-03-28T21:36:42.000-04:00,3354,Nuclear,Nuclear,N
2021-03-28T21:36:42.000-04:00,14,Other,Other,N
2021-03-28T21:36:42.000-04:00,27,Renewables,Landfill Gas,N
2021-03-28T21:36:42.000-04:00,298,Renewables,Refuse,N
2021-03-28T21:36:42.000-04:00,370,Renewables,Wind,Y
2021-03-28T21:36:42.000-04:00,240,Renewables,Wood,N
2021-03-28T21:46:16.000-04:00,1063,Hydro,Hydro,N
2021-03-28T21:46:16.000-04:00,3719,Natural Gas,Natural Gas,Y
2021-03-28T21:46:16.000-04:00,3355,Nuclear,Nuclear,N
2021-03-28T21:46:16.000-04:00,5,Other,Other,N
2021-03-28T21:46:16.000-04:00,27,Renewables,Landfill Gas,N
2021-03-28T21:46:16.000-04:00,302,Renewables,Refuse,N
2021-03-28T21:46:16.000-04:00,386,Renewables,Wind,Y
2021-03-28T21:46:16.000-04:00,241,Renewables,Wood,N
2021-03-28T21:50:35.000-04:00,1064,Hydro,Hydro,N
2021-03-28T21:50:35.000-04:00,3690,Natural Gas,Natural Gas,Y
2021-03-28T21:50:35.000-04:00,3357,Nuclear,Nuclear,N
2021-03-28T21:50:35.000-04:00,7,Other,Other,N
2021-03-28T21:50:35.000-04:00,27,Renewables,Landfill Gas,N
2021-03-28T21:50:35.000-04:00,306,Renewables,Refuse,N
2021-03-28T21:50:35.000-04:00,393,Renewables,Wind,Y
2021-03-28T21:50:35.000-04:00,243,Renewables,Wood,N
2021-03-28T21:52:46.000-04:00,1067,Hydro,Hydro,N
2021-03-28T21:52:46.000-04:00,3679,Natural Gas,Natural Gas,Y
2021-03-28T21:52:46.000-04:00,3355,Nuclear,Nuclear,N
2021-03-28T21:52:46.000-04:00,2,Other,Other,N
2021-03-28T21:52:46.000-04:00,27,Renewables,Landfill Gas,N
2021-03-28T21:52:46.000-04:00,306,Renewables,Refuse,N
2021-03-28T21:52:46.000-04:00,389,Renewables,Wind,Y
2021-03-28T21:52:46.000-04:00,242,Renewables,Wood,N
2021-03-28T22:00:39.000-04:00,1065,Hydro,Hydro,N
2021-03-28T22:00:39.000-04:00,3584,Natural Gas,Natural Gas,Y
2021-03-28T22:00:39.000-04:00,3355,Nuclear,Nuclear,N
2021-03-28T22:00:39.000-04:00,7,Other,Other,N
2021-03-28T22:00:39.000-04:00,27,Renewables,Landfill Gas,N
2021-03-28T22:00:39.000-04:00,298,Renewables,Refuse,N
2021-03-28T22:00:39.000-04:00,399,Renewables,Wind,Y
2021-03-28T22:00:39.000-04:00,243,Renewables,Wood,N
2021-03-28T22:03:14.000-04:00,0,Coal,Coal,N
2021-03-28T22:03:14.000-04:00,1072,Hydro,Hydro,N
2021-03-28T22:03:14.000-04:00,3573,Natural Gas,Natural Gas,Y
2021-03-28T22:03:14.000-04:00,3357,Nuclear,Nuclear,N
2021-03-28T22:03:14.000-04:00,19,Other,Other,N
2021-03-28T22:03:14.000-04:00,20,Renewables,Landfill Gas,N
2021-03-28T22:03:14.000-04:00,300,Renewables,Refuse,N
2021-03-28T22:03:14.000-04:00,411,Renewables,Wind,Y
2021-03-28T22:03:14.000-04:00,244,Renewables,Wood,N
2021-03-28T22:04:59.000-04:00,1070,Hydro,Hydro,N
2021-03-28T22:04:59.000-04:00,3525,Natural Gas,Natural Gas,Y
2021-03-28T22:04:59.000-04:00,3359,Nuclear,Nuclear,N
2021-03-28T22:04:59.000-04:00,16,Other,Other,N
2021-03-28T22:04:59.000-04:00,12,Renewables,Landfill Gas,N
2021-03-28T22:04:59.000-04:00,300,Renewables,Refuse,N
2021-03-28T22:04:59.000-04:00,413,Renewables,Wind,Y
2021-03-28T22:04:59.000-04:00,244,Renewables,Wood,N
2021-03-28T22:07:23.000-04:00,1069,Hydro,Hydro,N
2021-03-28T22:07:23.000-04:00,3522,Natural Gas,Natural Gas,Y
2021-03-28T22:07:23.000-04:00,3354,Nuclear,Nuclear,N
2021-03-28T22:07:23.000-04:00,4,Other,Other,N
2021-03-28T22:07:23.000-04:00,9,Renewables,Landfill Gas,N
2021-03-28T22:07:23.000-04:00,304,Renewables,Refuse,N
2021-03-28T22:07:23.000-04:00,411,Renewables,Wind,Y
2021-03-28T22:07:23.000-04:00,244,Renewables,Wood,N
2021-03-28T22:12:26.000-04:00,1070,Hydro,Hydro,N
2021-03-28T22:12:26.000-04:00,3491,Natural Gas,Natural Gas,Y
2021-03-28T22:12:26.000-04:00,3358,Nuclear,Nuclear,N
2021-03-28T22:12:26.000-04:00,2,Other,Other,N
2021-03-28T22:12:26.000-04:00,9,Renewables,Landfill Gas,N
2021-03-28T22:12:26.000-04:00,302,Renewables,Refuse,N
2021-03-28T22:12:26.000-04:00,423,Renewables,Wind,Y
2021-03-28T22:12:26.000-04:00,244,Renewables,Wood,N
2021-03-28T22:16:45.000-04:00,1,Coal,Coal,N
2021-03-28T22:16:45.000-04:00,1066,Hydro,Hydro,N
2021-03-28T22:16:45.000-04:00,3509,Natural Gas,Natural Gas,Y
2021-03-28T22:16:45.000-04:00,3357,Nuclear,Nuclear,N
2021-03-28T22:16:45.000-04:00,9,Renewables,Landfill Gas,N
2021-03-28T22:16:45.000-04:00,302,Renewables,Refuse,N
2021-03-28T22:16:45.000-04:00,425,Renewables,Wind,Y
2021-03-28T22:16:45.000-04:00,241,Renewables,Wood,N
2021-03-28T22:22:32.000-04:00,1,Coal,Coal,N
2021-03-28T22:22:32.000-04:00,1067,Hydro,Hydro,N
2021-03-28T22:22:32.000-04:00,3462,Natural Gas,Natural Gas,Y
2021-03-28T22:22:32.000-04:00,3357,Nuclear,Nuclear,N
2021-03-28T22:22:32.000-04:00,5,Other,Other,N
2021-03-28T22:22:32.000-04:00,9,Renewables,Landfill Gas,N
2021-03-28T22:22:32.000-04:00,306,Renewables,Refuse,N
2021-03-28T22:22:32.000-04:00,416,Renewables,Wind,Y
2021-03-28T22:22:32.000-04:00,241,Renewables,Wood,N
2021-03-28T22:26:51.000-04:00,1065,Hydro,Hydro,N
2021-03-28T22:26:51.000-04:00,3437,Natural Gas,Natural Gas,Y
2021-03-28T22:26:51.000-04:00,3354,Nuclear,Nuclear,N
2021-03-28T22:26:51.000-04:00,9,Renewables,Landfill Gas,N
2021-03-28T22:26:51.000-04:00,295,Renewables,Refuse,N
2021-03-28T22:26:51.000-04:00,422,Renewables,Wind,Y
2021-03-28T22:26:51.000-04:00,242,Renewables,Wood,N
2021-03-28T22:30:31.000-04:00,0,Coal,Coal,N
2021-03-28T22:30:31.000-04:00,1068,Hydro,Hydro,N
2021-03-28T22:30:31.000-04:00,3424,Natural Gas,Natural Gas,Y
2021-03-28T22:30:31.000-04:00,3355,Nuclear,Nuclear,N
2021-03-28T22:30:31.000-04:00,9,Renewables,Landfill Gas,N
2021-03-28T22:30:31.000-04:00,299,Renewables,Refuse,N
2021-03-28T22:30:31.000-04:00,427,Renewables,Wind,Y
2021-03-28T22:30:31.000-04:00,244,Renewables,Wood,N
2021-03-28T22:36:57.000-04:00,1066,Hydro,Hydro,N
2021-03-28T22:36:57.000-04:00,3455,Natural Gas,Natural Gas,Y
2021-03-28T22:36:57.000-04:00,3355,Nuclear,Nuclear,N
2021-03-28T22:36:57.000-04:00,9,Renewables,Landfill Gas,N
2021-03-28T22:36:57.000-04:00,297,Renewables,Refuse,N
2021-03-28T22:36:57.000-04:00,404,Renewables,Wind,N
2021-03-28T22:36:57.000-04:00,243,Renewables,Wood,N
2021-03-28T22:41:08.000-04:00,0,Coal,Coal,N
2021-03-28T22:41:08.000-04:00,1059,Hydro,Hydro,N
2021-03-28T22:41:08.000-04:00,3420,Natural Gas,Natural Gas,Y
2021-03-28T22:41:08.000-04:00,3354,Nuclear,Nuclear,N
2021-03-28T22:41:08.000-04:00,9,Renewables,Landfill Gas,N
2021-03-28T22:41:08.000-04:00,297,Renewables,Refuse,N
2021-03-28T22:41:08.000-04:00,417,Renewables,Wind,Y
2021-03-28T22:41:08.000-04:00,240,Renewables,Wood,N
2021-03-28T22:47:17.000-04:00,1058,Hydro,Hydro,N
2021-03-28T22:47:17.000-04:00,3256,Natural Gas,Natural Gas,Y
2021-03-28T22:47:17.000-04:00,3355,Nuclear,Nuclear,N
2021-03-28T22:47:17.000-04:00,5,Other,Other,N
2021-03-28T22:47:17.000-04:00,9,Renewables,Landfill Gas,N
2021-03-28T22:47:17.000-04:00,304,Renewables,Refuse,N
2021-03-28T22:47:17.000-04:00,407,Renewables,Wind,N
2021-03-28T22:47:17.000-04:00,242,Renewables,Wood,N
2021-03-28T22:51:58.000-04:00,1059,Hydro,Hydro,N
2021-03-28T22:51:58.000-04:00,3182,Natural Gas,Natural Gas,Y
2021-03-28T22:51:58.000-04:00,3359,Nuclear,Nuclear,N
2021-03-28T22:51:58.000-04:00,9,Renewables,Landfill Gas,N
2021-03-28T22:51:58.000-04:00,299,Renewables,Refuse,N
2021-03-28T22:51:58.000-04:00,433,Renewables,Wind,N
2021-03-28T22:51:58.000-04:00,241,Renewables,Wood,N
2021-03-28T23:02:52.000-04:00,1,Coal,Coal,N
2021-03-28T23:02:52.000-04:00,1102,Hydro,Hydro,N
2021-03-28T23:02:52.000-04:00,3206,Natural Gas,Natural Gas,Y
2021-03-28T23:02:52.000-04:00,3355,Nuclear,Nuclear,N
2021-03-28T23:02:52.000-04:00,0,Other,Other,N
2021-03-28T23:02:52.000-04:00,9,Renewables,Landfill Gas,N
2021-03-28T23:02:52.000-04:00,275,Renewables,Refuse,N
2021-03-28T23:02:52.000-04:00,427,Renewables,Wind,N
2021-03-28T23:02:52.000-04:00,241,Renewables,Wood,N
2021-03-28T23:10:13.000-04:00,1100,Hydro,Hydro,N
2021-03-28T23:10:13.000-04:00,3334,Natural Gas,Natural Gas,Y
2021-03-28T23:10:13.000-04:00,3354,Nuclear,Nuclear,N
2021-03-28T23:10:13.000-04:00,9,Renewables,Landfill Gas,N
2021-03-28T23:10:13.000-04:00,299,Renewables,Refuse,N
2021-03-28T23:10:13.000-04:00,404,Renewables,Wind,N
2021-03-28T23:10:13.000-04:00,241,Renewables,Wood,N
2021-03-28T23:16:38.000-04:00,1097,Hydro,Hydro,N
2021-03-28T23:16:38.000-04:00,3279,Natural Gas,Natural Gas,Y
2021-03-28T23:16:38.000-04:00,3355,Nuclear,Nuclear,N
2021-03-28T23:16:38.000-04:00,7,Other,Other,N
2021-03-28T23:16:38.000-04:00,9,Renewables,Landfill Gas,N
2021-03-28T23:16:38.000-04:00,311,Renewables,Refuse,N
2021-03-28T23:16:38.000-04:00,404,Renewables,Wind,Y
2021-03-28T23:16:38.000-04:00,241,Renewables,Wood,N
2021-03-28T23:21:18.000-04:00,1098,Hydro,Hydro,N
2021-03-28T23:21:18.000-04:00,3283,Natural Gas,Natural Gas,Y
2021-03-28T23:21:18.000-04:00,3355,Nuclear,Nuclear,N
2021-03-28T23:21:18.000-04:00,2,Other,Other,N
2021-03-28T23:21:18.000-04:00,9,Renewables,Landfill Gas,N
2021-03-28T23:21:18.000-04:00,305,Renewables,Refuse,N
2021-03-28T23:21:18.000-04:00,385,Renewables,Wind,Y
2021-03-28T23:21:18.000-04:00,243,Renewables,Wood,N
2021-03-28T23:28:13.000-04:00,0,Coal,Coal,N
2021-03-28T23:28:13.000-04:00,1097,Hydro,Hydro,N
2021-03-28T23:28:13.000-04:00,3191,Natural Gas,Natural Gas,Y
2021-03-28T23:28:13.000-04:00,3353,Nuclear,Nuclear,N
2021-03-28T23:28:13.000-04:00,6,Other,Other,N
2021-03-28T23:28:13.000-04:00,9,Renewables,Landfill Gas,N
2021-03-28T23:28:13.000-04:00,309,Renewables,Refuse,N
2021-03-28T23:28:13.000-04:00,381,Renewables,Wind,Y
2021-03-28T23:28:13.000-04:00,243,Renewables,Wood,N
2021-03-28T23:33:06.000-04:00,1097,Hydro,Hydro,N
2021-03-28T23:33:06.000-04:00,3198,Natural Gas,Natural Gas,Y
2021-03-28T23:33:06.000-04:00,3354,Nuclear,Nuclear,N
2021-03-28T23:33:06.000-04:00,9,Renewables,Landfill Gas,N
2021-03-28T23:33:06.000-04:00,306,Renewables,Refuse,N
2021-03-28T23:33:06.000-04:00,373,Renewables,Wind,Y
2021-03-28T23:33:06.000-04:00,243,Renewables,Wood,N
2021-03-28T23:36:51.000-04:00,1088,Hydro,Hydro,N
2021-03-28T23:36:51.000-04:00,3097,Natural Gas,Natural Gas,Y
2021-03-28T23:36:51.000-04:00,3354,Nuclear,Nuclear,N
2021-03-28T23:36:51.000-04:00,7,Other,Other,N
2021-03-28T23:36:51.000-04:00,9,Renewables,Landfill Gas,N
2021-03-28T23:36:51.000-04:00,311,Renewables,Refuse,N
2021-03-28T23:36:51.000-04:00,366,Renewables,Wind,Y
2021-03-28T23:36:51.000-04:00,242,Renewables,Wood,N
2021-03-28T23:42:31.000-04:00,1080,Hydro,Hydro,N
2021-03-28T23:42:31.000-04:00,3167,Natural Gas,Natural Gas,Y
2021-03-28T23:42:31.000-04:00,3357,Nuclear,Nuclear,N
2021-03-28T23:42:31.000-04:00,9,Renewables,Landfill Gas,N
2021-03-28T23:42:31.000-04:00,315,Renewables,Refuse,N
2021-03-28T23:42:31.000-04:00,379,Renewables,Wind,Y
2021-03-28T23:42:31.000-04:00,242,Renewables,Wood,N
2021-03-28T23:48:37.000-04:00,2,Coal,Coal,N
2021-03-28T23:48:37.000-04:00,1086,Hydro,Hydro,N
2021-03-28T23:48:37.000-04:00,3102,Natural Gas,Natural Gas,Y
2021-03-28T23:48:37.000-04:00,3353,Nuclear,Nuclear,N
2021-03-28T23:48:37.000-04:00,16,Other,Other,N
2021-03-28T23:48:37.000-04:00,9,Renewables,Landfill Gas,N
2021-03-28T23:48:37.000-04:00,313,Renewables,Refuse,N
2021-03-28T23:48:37.000-04:00,361,Renewables,Wind,Y
2021-03-28T23:48:37.000-04:00,245,Renewables,Wood,N
2021-03-28T23:52:34.000-04:00,1086,Hydro,Hydro,N
2021-03-28T23:52:34.000-04:00,3159,Natural Gas,Natural Gas,Y
2021-03-28T23:52:34.000-04:00,3355,Nuclear,Nuclear,N
2021-03-28T23:52:34.000-04:00,16,Other,Other,N
2021-03-28T23:52:34.000-04:00,9,Renewables,Landfill Gas,N
2021-03-28T23:52:34.000-04:00,317,Renewables,Refuse,N
2021-03-28T23:52:34.000-04:00,376,Renewables,Wind,N
2021-03-28T23:52:34.000-04:00,244,Renewables,Wood,N
2021-03-28T23:59:34.000-04:00,1086,Hydro,Hydro,N
2021-03-28T23:59:34.000-04:00,3159,Natural Gas,Natural Gas,Y
2021-03-28T23:59:34.000-04:00,3355,Nuclear,Nuclear,N
2021-03-28T23:59:34.000-04:00,16,Other,Other,N
2021-03-28T23:59:34.000-04:00,9,Renewables,Landfill Gas,N
2021-03-28T23:59:34.000-04:00,317,Renewables,Refuse,N
2021-03-28T23:59:34.000-04:00,376,Renewables,Wind,N
2021-03-28T23:59:34.000-04:00,244,Renewables,Wood,N
